external_id,name,address,latitude,longitude
SRC01_A0004,홍파양로원,서울특별시 노원구 동일로248길 1266 번지,,
SRC01_A1372,중계데이케어센터,"서울특별시 노원구 덕릉로 662, 1,2층 (중계동, 중계3단지주공영구임대아파트)",,
SRC01_A7094,서울시 노원구 재가노인복지기관,서울특별시 노원구 상계로23길 원터행복발전소 3 층,,
SRC01_C0000008704,아름다운 작업활동센터,서울특별시 노원구 공릉동 480,,
SRC01_C0000008760,노원구 보육정보센터,서울특별시 노원구 상계동 205,,
SRC01_C0297770805,당고개 데이케어센터,"서울특별시 노원구 덕릉로126길 11, 2,4층 (상계동, 당고개 빌딩)",,
SRC01_C0298531090,쉰들러 긴급이동 사회복지센터,서울특별시 노원구 중계로6나길 12-10 (중계동),,
SRC01_C0609695163,동행노인복지센터,"서울특별시 노원구 덕릉로 583, 1,2층 (중계동)",,
SRC01_C0609752144,가온데이케어센터,"서울특별시 노원구 상계로9길 23, 4,5층 (상계동, 사용빌딩)",,
SRC01_C2068,다복스위트홈,"서울특별시 노원구 상계로5길 22-9, 402 (상계동)",,
SRC01_C8377,내일을꿈꾸는사람들2호,"서울특별시 노원구 동일로237다길 37, 201,301호 (상계동, 풀내음파크빌)",,
SRC01_F04401,선한이웃재활운동발달센터,"서울특별시 노원구 공릉로58길 112301호 (하계동, 순흥빌라트)",,
SRC01_F04402,킨더윌언어심리전문센터,"서울특별시 노원구 상계로23다길 13-8107호 (상계동, 노원 아이파크)",,
SRC01_F04699,삼정학교지역아동센터,"서울특별시 노원구 동일로215길 481층 (상계동, 상계주공3단지아파트)",,
SRC01_F04757,구립노원청소년지역아동센터,서울특별시 노원구 덕릉로86길 52층 (중계동),,
SRC01_G3646,러빙케어,"서울특별시 노원구 상계로1길 54-4, 207, 307호 (상계동, 상계동센트럴타워)",,
SRC01_J0497,서울실버케어노인요양원,"서울특별시 노원구 한글비석로44길 31, 2,3,4층 (상계동)",,
SRC01_K0776,은빛1단지아이휴센터,서울특별시 노원구 동일로245길 은빛아파트 109 동 108 호,,
SRC01_L7299,고은사랑방문요양센터,"서울특별시 노원구 노원로16길 82, 111, 206호 (하계동, 중계9단지주공영구임대아파트 종합2상가)",,
SRC01_M0283,효자재가복지센터,"서울특별시 노원구 덕릉로 791, 205, 206호 (상계동, 버나드빌)",,
SRC01_M7506,다사랑노인복지센터,"서울특별시 노원구 월계로 264, 201-1호 (월계동)",,
SRC03_A1102,시립동부치매단기보호센터,서울특별시 성동구 마장로23길 8 (홍익동),,
SRC03_A2419,마포동부재가노인복지기관,"서울특별시 마포구 만리재로 99, 2, 3층 (공덕동, 헤이븐 오피스텔)",,
SRC03_A2610,다정노인복지센터,서울특별시 성동구 용답중앙11길 3-1 (용답동),,
SRC03_A3334,서울예정재가노인복지센터,서울특별시 중랑구 용마산로 3485동 1504호,,
SRC03_A4841,수실버주간보호,"서울특별시 송파구 성내천로 212, 3, 4층 (마천동)",,
SRC03_A6676,서울시 금천구 재가노인복지기관,"서울특별시 금천구 시흥대로 399, 314, 314-1 (독산동, 시티렉스)",,
SRC03_A6797,우영가정봉사원파견센터재가노인복지센터,"서울특별시 종로구 김상옥로 18-5, 201호 (연지동)",,
SRC03_C0000007721,길음주간보호소,서울특별시 성북구 삼양로8가길 32 (길음동),,
SRC03_C0000008885,인덕재가노인복지센터(단기보호시설),서울특별시 은평구 진관외동 488,,
SRC03_C0000011016,백산재가노인복지시설,서울특별시 서대문구 모래내로 285 (홍은동),,
SRC03_C0000011036,사랑노인복지센터,서울특별시 서대문구 북아현로 85 (북아현동),,
SRC03_C0000012902,나래노인복지센터,서울특별시 동작구 여의대방로24길 92 (신대방동),,
SRC03_C0103277375,가족사랑 대자연 재가요양센터,서울특별시 광진구 광장동 산 148-11 대오빌딩 6층,,
SRC03_C0119224507,한마음재가노인지원센터,서울특별시 용산구 효창원로48길 16 (용문동),,
SRC03_C0120635524,주심실버복지센터,서울특별시 중랑구 면목동 100번지 1호,,
SRC03_C0170711719,(협)효마을서대문복지촌1호,"서울특별시 서대문구 응암로 145, 4 (북가좌동)",,
SRC03_C0171186425,더사랑데이케어센터,"서울특별시 동작구 알마타길 21-42, 4 (대방동)",,
SRC03_C0199061348,닥터참사랑데이케어센터,"서울특별시 용산구 원효로 155, 1.3층 (원효로2가, 민복빌딩)",,
SRC03_C0204723313,문화촌데이케어센터,"서울특별시 서대문구 세검정로 95, 2,3층 (홍제동)",,
SRC03_C0297796344,성주재가복지센터,"서울특별시 강서구 수명로 78, 601-일부호 (내발산동)",,
SRC03_C0297812695,A+은빛복지센터,"서울특별시 송파구 거마로 99, 3,6층 (마천동)",,
SRC03_C0297812697,은빛복지센터,"서울특별시 송파구 거마로 99, 1,2층 (마천동)",,
SRC03_C0297826787,희망재가복지센터,"서울특별시 종로구 통일로 150-5, 3층 (교남동)",,
SRC03_C0607986768,서울주간보호센터,"서울특별시 은평구 통일로 641, 2~3층 (녹번동)",,
SRC03_C0608042057,더가온데이케어센터,"서울특별시 강동구 천호대로 1203, 6~7층 (길동)",,
SRC03_C0608078492,사랑가득 재가복지센터,서울특별시 양천구 신월동 439번지 18호 4호,,
SRC03_C0608078794,마포어르신방문재가센터,"서울특별시 마포구 월드컵북로 233, 208-1호 (성산동, 제1상가동)",,
SRC03_C0608088064,라온데이케어센터,"서울특별시 영등포구 디지털로51길 10, 2,3,4층 (대림동)",,
SRC03_C0608098565,서리풀데이케어,"서울특별시 서초구 서초대로34길 18, 1,2,5,6층 (방배동)",,
SRC03_C0608118564,한마음데이케어센터,"서울특별시 동대문구 답십리로 255, 2,3층 (장안동)",,
SRC03_C0608119826,좋은친구 재가복지센터,서울특별시 강북구 미아동 258번지 179호,,
SRC03_C0608122241,서초한결데이케어센터,"서울특별시 서초구 동작대로 220, 3~5층 (방배동)",,
SRC03_C0608122527,성북희망데이케어센터,"서울특별시 성북구 동소문로 190, 302,402호 (돈암동)",,
SRC03_C0608135103,상일 데이케어센터,"서울특별시 광진구 자양로 42, 지하1,2,5층 (자양동)",,
SRC03_C0608140879,(주)실버웨이복지법인 도봉데이케어센터,"서울특별시 도봉구 도봉로 523, 2,3층 (쌍문동, 하이준빌딩)",,
SRC03_C0608140966,밝은샘주간보호센터,"서울특별시 양천구 지양로 22, 5~4층 (신월동)",,
SRC03_C0608142597,구립송정동데이케어센터,서울특별시 성동구 송정동 72번지 117호 송정동복합청사 3층,,
SRC03_C0608142740,e-한나데이케어센터,"서울특별시 강동구 고덕로 40, 2~3층 (암사동)",,
SRC03_C0608144559,휘경데이케어센터,"서울특별시 동대문구 답십리로 172, 3,4층 (답십리동)",,
SRC03_C0608144602,봄빛재가복지노인센터,"서울특별시 성동구 행당로 84, 201-4호 (행당동, 한진타운상가)",,
SRC03_C0608179614,더사랑데이케어센터,"서울특별시 도봉구 도봉로 601, 202, 302호 (쌍문동, 시그마팰리스)",,
SRC03_C0608180111,더사랑데이케어센터,"서울특별시 도봉구 도봉로 601, 2,3층 (쌍문동, 시그마팰리스)",,
SRC03_C0608200378,방문요양바른복지센터,"서울특별시 강동구 양재대로 1520, 701-2호 (길동)",,
SRC03_C0608206227,(+A)그린재가복지센터,"서울특별시 동대문구 서울특별시립대로4길 5, 4층 (전농동)",,
SRC03_C0608208832,브라보 데이케어 송파라운지,"서울특별시 송파구 가락로 99, 4, 5층 (석촌동)",,
SRC03_C0608328719,효다함재가노인복지센터,"서울특별시 구로구 경인로20가길 5, 601-1호 (오류동)",,
SRC03_C0608378165,휘경사랑데이케어센터,"서울특별시 동대문구 망우로 40, 5~6층 (휘경동)",,
SRC03_C0608396214,사랑드림재가노인복지센터,"서울특별시 송파구 백제고분로 469, 3, 4층 (방이동)",,
SRC03_C0608497793,(+A)충무재가복지센터,"서울특별시 동대문구 서울특별시립대로4길 5, 4층 (전농동)",,
SRC03_C0608589691,힐링데이케어센터(양천),"서울특별시 양천구 화곡로 49, 2, 3, 4층 (신월동)",,
SRC03_C0608621710,굿케어주야간보호센터,"서울특별시 광진구 뚝섬로 742, 2,4,5층 507호 (구의동)",,
SRC03_C0608686856,라파방문요양센터,"서울특별시 송파구 양재대로 1222, 344, 345호 (방이동)",,
SRC03_C0608739326,행복 장기요양센터,"서울특별시 마포구 모래내로7길 38, 502-2호 (성산동, 서원빌딩)",,
SRC03_C0608778157,(주)케어링 방문요양센터 서울 성북점,"서울특별시 성북구 보국문로 90, 2,3층 (정릉동)",,
SRC03_C0608861420,더사랑데이케어센터,"서울특별시 도봉구 도봉로 601, 2~3층 (쌍문동, 시그마팰리스)",,
SRC03_C0609257154,엔젤재활데이케어센터,"서울특별시 관악구 난향길 5, 3,4층 (신림동, 태성빌딩)",,
SRC03_C0609299989,시니엘데이케어센터,"서울특별시 서초구 사평대로18길 10, 3~5층 (반포동, 부림빌딩)",,
SRC03_C0609330712,좋은날재가복지센터,"서울특별시 영등포구 도신로4길 10, 108,109호 (대림동)",,
SRC03_C0609364041,번동데이케어센터,"서울특별시 강북구 월계로 187, 2,3층 (번동)",,
SRC03_C0609420517,대한민국의원 방문간호센터,"서울특별시 용산구 청파로47길 7, 3,4,5층 (청파동3가)",,
SRC03_C0609545281,두드림데이케어센터,"서울특별시 관악구 관악로 287, 302?3?7?8호 (봉천동, 성현동아파트 상가동)",,
SRC03_C0609577190,순시미 재가복지센터 강북본점,"서울특별시 강북구 삼양로123길 1, 302-1호 (수유동)",,
SRC03_C0609599286,올리브케어 노인복지센터,서울특별시 동대문구 장안동 431번지 4호 406호,,
SRC03_C0609704217,온마음데이케어센터,"서울특별시 동작구 여의대방로22길 132, 4,5층 (신대방동)",,
SRC03_C0609712914,경희재가복지센터,"서울특별시 강서구 수명로 78, 601-일부호 (내발산동, 새롬프라자)",,
SRC03_C0609715693,서울데이케어센터,"서울특별시 광진구 능동로37길 11, 4,5,6층 (중곡동, 세기빌딩)",,
SRC03_C0609727629,다온재가복지센터,"서울특별시 영등포구 영등포로 353, 1608B호 (신길동, 엔씨티오피스텔)",,
SRC03_C0609728143,브라보 데이케어 강남라운지,"서울특별시 강남구 도곡로 221, 2,3,4층 (역삼동)",,
SRC03_C0609729085,행복재가복지센터,"서울특별시 금천구 독산로75길 17, 301,102호 (독산동)",,
SRC03_C0609739185,가온플러스데이케어센터,"서울특별시 강동구 천호대로 1203, 6~7층 (길동)",,
SRC03_C0609744470,사군자 데이케어센터,"서울특별시 중랑구 망우로 467, 2, 3층 (망우동)",,
SRC03_C0609744532,늘좋은데이케어센터,"서울특별시 동작구 신대방길 88, 2~3층 (신대방동)",,
SRC03_C0609748436,우성방문요양센터,"서울특별시 동작구 동작대로29길 91, 2단지상가동 2층 213호 (사당동, 사당우성아파트)",,
SRC03_C0609749604,웰나우 데이케어센터,"서울특별시 동대문구 고산자로 493, 1~4층 (제기동)",,
SRC03_C0609751345,푸른데이케어센터,"서울특별시 영등포구 시흥대로181길 17, 101~104호 (대림동, 늘푸른아파트)",,
SRC03_C0609770956,(주)케어링 방문요양센터 서울 서대문점,"서울특별시 서대문구 북아현로1길 17, 101엠동 B105호 (북아현동, 이편한세상신촌)",,
SRC03_C0609776338,케어닥 어르신돌봄학교 마포직영 데이케어센터,"서울특별시 마포구 성미산로11길 5, 1,2층 (성산동)",,
SRC03_F04102,구립영등포노인복지센터 병설 데이케어센터,서울특별시 영등포구 선유서로34길 103층 (양평동3가),,
SRC03_F04410,에녹요양협동조합 주야간보호센터,서울특별시 영등포구 가마산로 3133층 (대림동),,
SRC03_F04450,서울숲단기보호센터,서울특별시 성동구 뚝섬로 401-24층 (성수동2가),,
SRC03_F04457,금호무지개노인복지센터,서울특별시 성동구 금호로13길 17201호 (금호동2가),,
SRC03_G0220,사랑과섬김요양원단기보호,서울특별시 중랑구 묵동 239번지 51호 창성빌딩 2층,,
SRC03_G0947,삼선데이케어센터,"서울특별시 성북구 동소문로 40, 4,6층 (동소문동3가)",,
SRC03_G1509,잠실데이케어센터,"서울특별시 송파구 오금로36길 39, 2,3,4층 (가락동)",,
SRC03_G2316,소풍데이케어센터,"서울특별시 동대문구 한천로 137, 2~3층 (답십리동)",,
SRC03_G2487,더행복데이케어센터,"서울특별시 광진구 뚝섬로56길 40, 3,4층 (자양동)",,
SRC03_G2641,중랑리베데이케어센터,"서울특별시 중랑구 동일로 608, 4,5층 (면목동)",,
SRC03_G2920,신효데이케어앤드 주식회사,"서울특별시 송파구 가락로 45, 2,3,4층 (석촌동)",,
SRC03_G2956,관악중앙데이케어센터,"서울특별시 관악구 봉천로 421, 2.3층 (봉천동, 샤인텔)",,
SRC03_G3011,서림노인복지센터,"서울특별시 관악구 신림로 211, 2,4층 (신림동, 미보빌딩)",,
SRC03_G3024,구로제일데이케어센터,"서울특별시 구로구 가마산로27길 14, 3,4층 (구로동)",,
SRC03_G3109,A플러스잠실데이케어센터,"서울특별시 송파구 백제고분로 235, 2, 4층 (삼전동)",,
SRC03_G3158,(사)굿하트 금천데이케어센터,서울특별시 금천구 시흥대로 비즈메드 빌딩 12 층,,
SRC03_G3170,성내데이케어센터,"서울특별시 강동구 풍성로 138, 4~6층 (성내동)",,
SRC03_G3564,우리들주야간보호센터,서울특별시 구로구 고척동 72번지 7호 문화골든타워 9층,,
SRC03_G3684,구립동안사랑데이케어센터,"서울특별시 동대문구 황물로 30, 1~2층 (답십리동)",,
SRC03_G3915,서울데이케어센터,"서울특별시 동대문구 신이문로 27, 7~8층 (이문동)",,
SRC03_G3922,응암데이케어,"서울특별시 은평구 백련산로 133, 5,6층 (응암동)",,
SRC03_G4005,벧엘데이케어센터,"서울특별시 관악구 문성로 96, 4,5층 (신림동)",,
SRC03_G4237,금천희망데이케어센터,"서울특별시 금천구 금하로 658, 2,3층 (시흥동)",,
SRC03_G4528,(A)청춘시대 재활복지센터,"서울특별시 중랑구 용마산로125가길 47, 2,3층 (신내동)",,
SRC03_G4693,더봄데이케어센터,"서울특별시 서대문구 응암로 16, 2~3층 (북가좌동)",,
SRC03_G4755,개포데이케어센터,"서울특별시 강남구 삼성로 38, 504~506호 (개포동, 개포빌딩)",,
SRC03_G4834,강서중앙데이케어센터,"서울특별시 강서구 양천로 132, 1,2층 (방화동, 한림리첸빌)",,
SRC03_G4840,구로미가데이케어센터,"서울특별시 구로구 천왕로 32, 6,7층 605,701호 (천왕동, 에이스프라자)",,
SRC03_G5959,9학년데이케어센터(재활),"서울특별시 강동구 구천면로 304, 2~3층 (천호동)",,
SRC03_G6293,강서재활전문데이케어센터,"서울특별시 강서구 방화동로 115, 3,4층 (방화동)",,
SRC03_G6476,나눔재활데이케어센터,"서울특별시 관악구 난곡로 189, 4,5층 (신림동)",,
SRC03_G6688,구로은빛노인복지센터,"서울특별시 구로구 가마산로26길 10, 201,203호 (구로동)",,
SRC03_G6734,아리아케어 방문요양 송파 잠실센터,"서울특별시 송파구 풍성로25길 19, 202호 (풍납동)",,
SRC03_G7024,A+강일데이케어센터,"서울특별시 강동구 아리수로93길 33, 6~7층 (강일동, 베스트프라자)",,
SRC03_G7096,기억튼튼재활전문데이케어센터(강북점),"서울특별시 강북구 오현로 194, 3, 4층 (번동)",,
SRC03_G8417,재활앤데이케어센터,"서울특별시 마포구 모래내로7길 62, 4~5층 (성산동)",,
SRC03_G8634,아름드리데이케어센터,"서울특별시 송파구 백제고분로 237, 4,5층 (삼전동)",,
SRC03_G8652,케어링 고은센터,"서울특별시 서초구 서초대로 396, 402-2호 (서초동, 강남빌딩)",,
SRC03_G8654,케어링 가온센터,"서울특별시 서초구 서초대로 396, 402-1호 (서초동, 강남빌딩)",,
SRC03_G8659,월곡데이케어센터,"서울특별시 성북구 오패산로10길 30, 204?301호 (하월곡동)",,
SRC03_G8786,마리아데이케어센터,"서울특별시 강남구 논현로2길 40, 2~3층 (개포동, 대경빌딩)",,
SRC03_G8836,참사랑데이케어센터,"서울특별시 송파구 마천로 89, 3,4층 312, 411호 (오금동)",,
SRC03_G9661,(주)실버웨이복지법인 강북노인복지센터,"서울특별시 강북구 도봉로 144, 3,6층 (미아동)",,
SRC03_J1827,동우요양원요양센터,"서울특별시 중랑구 망우로 422, 5,6층 (망우동)",,
SRC03_J1874,'반석'데이케어센터,"서울특별시 강동구 양재대로130길 11, 2~3층 (명일동)",,
SRC03_J2231,대은가정봉사원파견센터,"서울특별시 강북구 인수봉로60가길 32, 101 (수유동, 대성아트빌)",,
SRC03_J6647,새마음데이케어센터,105번지 6호,,
SRC03_J8138,송학데이케어센터,"서울특별시 동작구 상도동 210번지 249호 3,4,5층",,
SRC03_M0791,'행복드림복지협동조합',"서울특별시 서대문구 응암로 73, 2~3층 (북가좌동, 창안빌딩)",,
SRC03_M1408,두레데이케어,서울특별시 중랑구 신내동 537번지 3호 해성빌딩 5층,,
SRC03_P0326,케어링 다솜센터,"서울특별시 서초구 서초대로 396, 402-4호 (서초동, 강남빌딩)",,
SRC03_P0327,케어링 라온센터,"서울특별시 서초구 서초대로 396, 402-5호 (서초동, 강남빌딩)",,
SRC03_P0394,다솜재활재가노인센터,"서울특별시 영등포구 영등포로 32, 205~208호 (양평동2가)",,
SRC03_P0617,구립강감찬데이케어센터,"서울특별시 관악구 대학12길 16, 3~4층 (신림동, 대학경로당)",,
SRC03_P1601,(주)구로 휴 복지법인주간보호센터,"서울특별시 구로구 중앙로 9, 4,5층 (고척동)",,
SRC03_P1796,강북나눔돌봄센터 살핌,"서울특별시 강북구 인수봉로42길 27, 2~3층 (수유동)",,
SRC03_P1976,벧엘데이케어센터,"서울특별시 관악구 문성로 96, 4~5층 (신림동)",,
SRC03_P3954,성주데이케어센터,"서울특별시 양천구 월정로 145, 4,5층 (신월동)",,
SRC03_P3956,행복한동행재가복지센터,"서울특별시 영등포구 경인로 706, 지1중1층 (문래동1가)",,
SRC03_P3970,문화촌데이케어센터,"서울특별시 서대문구 세검정로 95, 2,3,4층 (홍제동)",,
SRC03_X0591,사단법인나눔과보람복지회양천재가노인복지센터,"서울특별시 양천구 목동로23길 34205호 (신정동, 양천시장주상복합)",,
SRC03_Z6502,에이스복지센터,"서울특별시 은평구 통일로65길 26, 4~5층 (대조동)",,
SRC03_Z6565,(주)휴복지법인 주간보호센터,"서울특별시 강북구 4.19로13길 3, 2,3층 (수유동)",,
SRC04_C0423,조은세상,"서울특별시 중랑구 동일로140길 15, 2~3 좌측층 (중화동)",,
SRC04_C1081,열림일터,서울특별시 강서구 화곡동 958번지 13호,,
SRC04_C8091,드림장애인보호작업장,"서울특별시 양천구 지양로 7, 202b01b02호 (신월동)",,
SRC04_C8258,함재보호작업장,"서울특별시 송파구 송파대로 412, 1~4층 (송파동)",,
SRC04_C9567,강남세움근로사업장 굿윌스토어,"서울특별시 강남구 광평로60길 22, 1,3층 (수서동)",,
SRC04_F04665,소담,서울특별시 중랑구 상봉로 695층 (면목동),,
SRC04_F14035,다가옴,서울특별시 강동구 고덕로 106201호 (암사동),,
SRC07_08120eaf57525dae,계양사회복지관,아니지로 517(서운동),,
SRC07_80a4d9bf8f7c4124,내일을여는자활쉼터,경명대로1029-35(계산동),,
SRC07_7d94b3eda19de6f7,송림공동생활가정,"송림로 50, 2-406(송림동, 삼익A)",,
SRC07_267c1509f54b7e3e,기분좋은그룹홈3,"인하로 294번길 8,201호(관교동)",,
SRC07_90a491f1028a2da6,예그리나공동생활가정1,"경인로 395, 4-403(주안동, 현대A)",,
SRC07_252261315ed58f98,예림공동생활가정1,"체육관로 111,415-1505",,
SRC07_18ddc274aeef022a,예림공동생활가정2,"체육관로 111,415-1406",,
SRC07_83873d6399afdca1,예림공동생활가정3,"체육관로 111,412-906",,
SRC07_a7e5979b9d4a6eec,예림공동생활가정4,"체육관로 111,406-201",,
SRC07_a67ae1030b56fb88,예림공동생활가정5,"체육관로 111,415-1109",,
SRC07_3998cd109b9b04d2,섬나공동생활가정3,"장기서로 16번길 13,101-101",,
SRC07_516ba3ec947ec4cc,인천광역시 피해장애인쉼터,비공개,,
SRC07_ab6da429fa996357,인천광역시 피해장애아동쉼터(남아),비공개,,
SRC07_0da0b8d7de9307a3,인천광역시 피해장애아동쉼터(여아),비공개,,
SRC07_46d2afca310c0b5b,굿프랜드,경인로 701-26,,
SRC07_d4624391e9fed1e6,아이드림,경인로769-27,,
SRC07_1bde7953e0498638,계양디딤보호작업장,"계양천서로 15, 101/103호, 2층호",,
SRC07_e091114ad0cf3809,인정재활관,서달로 123번안길 24,,
SRC07_38af06b2cb6468d6,호인세상,서달로 123번안길 24(석남동),,
SRC07_bd415899f6d120f3,인천신장장애인주간보호센터,"미추홀대로 716(주안동,메인프라자)207호",,
SRC07_d4af52ab098f59bf,인천광역시학대피해노인전용쉼터,비공개,,
SRC07_a3d706567afc73ea,나무그늘,비공개,,
SRC07_60fa2b514cf1de89,푸른희망담쟁이,비공개,,
SRC07_40f0428fac6d94dc,오내친구장애인성폭력상담소,"부평대로 137-10, 107/101",,
SRC07_41e698efcfa5f69f,소소,비공개,,
SRC07_d72a7361dc8abc8e,울랄라,비공개,,
SRC07_67e157cf362ec1a3,초록담쟁이,비공개,,
SRC07_513a67db044751d0,하늘담쟁이,비공개,,
SRC07_e0dd2f007655950a,언니네,비공개,,
SRC07_86f8b15612b1c4c8,내일을여는집 내일여성쉼터,비공개,,
SRC07_b6302ef26f2fe2ca,민들레공부방,"화수로38, 7-105(송현동, 동부아파트)",,
SRC07_924567ae5862e5ea,위즈키즈,"먼우금로 302, 101-102(연수동 534)",,
SRC07_6d51415afac2d946,인천행복한돌봄계양,"봉오대로 698번길 11, 2~3층 (작전1동 870-62)",,
SRC07_0f8f2f41855d9e26,청운,"안남로 573번길 26, 401~404호 (효성1동 33-2)",,
SRC07_6660a557417a6b6e,소양,"장제로997번길 2, 2~3층(박촌동)",,
SRC07_34dd4785d209f638,청학동 다함께돌봄센터,연수구 청학로 비류대로 287,,
SRC07_fb3f58eee7e4284d,늘해랑,비공개,,
SRC07_491c7c00075d6b4a,레인보우,비공개,,
SRC07_16f725c4fe412c44,꿈나래,비공개,,
SRC07_1986097d3abaaa81,홀트미추홀,비공개,,
SRC07_1683861d17c2c73d,도토리,비공개,,
SRC07_eb1fa61ea83d8768,서로이음,비공개,,
SRC07_9995bb84f475576f,서동이,비공개,,
SRC07_7a478e21a69821f9,여자청소년 자립지원관 행복자리,문화로 167번길 40-17 301호,,
SRC07_7c2ea7d2c543044b,은혜주택,비공개,,
SRC07_79d76c66f4217f8c,꿈의둥지,"소성로 318번길 8-26, 302호",,
SRC09_178b9af6e16fc81f,남동아동,"남동구 독곡로 16번길 22-7, 301,302,401(서창동,독곡홈타운)",,
SRC11_a3c2f55dd1951d75,혜림종합복지관,전라남도 담양군 금성면 새덕굴길 317,,
SRC11_32ed615627486c6f,혜림주간보호센터,전라남도 담양군 금성면 새덕굴길 317,,
SRC11_0d73126e25c256cc,전남영암군장애인편의증진기술지원센터,전라남도 영암군 영암읍 1527,,
SRC20_ae47c0b5f3f6a87a,무안노인 복지시설,해제면 현해로  1452-8,,
SRC20_0a1197b969d7a05a,영광효사랑 노인복지센터,법성면 연우로 830,,
