userid	venueid	poi_id	poi_name	category_code	category_group_name	category_name	phone	address_name	road_address_name	poi_longitude	poi_latitude	place_url	distance_m	requested_category_code	distance_score	temporal_score	repeat_score	long_stay_penalty	total_score	candidate_rank
1	1002	1076582172	칸텐	FD6	음식점	음식점 > 간식 > 제과,베이커리	070-8866-1023	서울 노원구 공릉동 503-2	서울 노원구 동일로186길 53-50	127.075757053767	37.6257680963982	http://place.map.kakao.com/1076582172	22.0	FD6	0.5587737759015512	0.8716666666666665	0.2890648263178878	0.0	0.6122913537184859	1
1	1002	12991364	마포생고기	FD6	음식점	음식점 > 한식 > 육류,고기	02-979-6776	서울 노원구 공릉동 393-5	서울 노원구 동일로190길 39	127.075281529434	37.6260170730588	http://place.map.kakao.com/12991364	28.0	FD6	0.4767606286689698	0.8716666666666665	0.2890648263178878	0.0	0.5565224136003305	2
1	1002	264839797	제일육회집	FD6	음식점	음식점 > 한식	02-977-0167	서울 노원구 공릉동 392-8	서울 노원구 동일로190길 49	127.075788068345	37.6261906392202	http://place.map.kakao.com/264839797	35.0	FD6	0.3961644302820655	0.8716666666666665	0.2890648263178878	0.0	0.5017169986972355	3
1	1002	590397011	GTS버거 공릉점	FD6	음식점	음식점 > 양식 > 햄버거		서울 노원구 공릉동 392-8	서울 노원구 동일로190길 49	127.075785808225	37.6261960465915	http://place.map.kakao.com/590397011	36.0	FD6	0.38582130682912413	0.8716666666666665	0.2890648263178878	0.0	0.4946836747492354	4
1	1002	1620244651	모이네	FD6	음식점	음식점 > 술집 > 호프,요리주점	0507-1395-3319	서울 노원구 공릉동 392-8	서울 노원구 동일로190길 49	127.075785808225	37.6261960465915	http://place.map.kakao.com/1620244651	36.0	FD6	0.38582130682912413	0.8716666666666665	0.2890648263178878	0.0	0.4946836747492354	5
1	1002	2110885278	GS25 공릉대성점	CS2	편의점	가정,생활 > 편의점 > GS25	080-999-5425	서울 노원구 공릉동 393-4	서울 노원구 동일로190길 41	127.075426560826	37.626049415959	http://place.map.kakao.com/2110885278	19.0	CS2	0.5240026678268921	0.3018749999999999	0.2890648263178878	0.0	0.4518970002277176	6
1	1002	560869547	라 다리올	CE7	카페	음식점 > 카페		서울 노원구 공릉동 502-31	서울 노원구 동일로186길 53-5	127.075667166351	37.625377125836	http://place.map.kakao.com/560869547	60.0	CE7	0.2044766302978429	0.8775	0.2890648263178878	0.0	0.37276929470796416	7
1	1002	1473599772	유가루하우스	CE7	카페	음식점 > 카페 > 테마카페 > 디저트카페	010-2194-0147	서울 노원구 공릉동 392-11	서울 노원구 동일로190길 53-5	127.075794006827	37.6264609313792	http://place.map.kakao.com/1473599772	63.0	CE7	0.18887560283756183	0.8775	0.2890648263178878	0.0	0.3621605960349731	8
1	1002	1910238169	GS더프레시 공릉점	MT1	대형마트	가정,생활 > 슈퍼마켓 > 대형슈퍼 > GS더프레시	02-979-4025	서울 노원구 공릉동 388-2	서울 노원구 동일로192길 23	127.074127544484	37.6263601785684	http://place.map.kakao.com/1910238169	137.0	MT1	0.16329950468513618	0.9358333333333333	0.2890648263178878	0.0	0.35876884929132363	9
1	1002	504635873	중앙드림치과의원	HP8	병원	의료,건강 > 병원 > 치과	02-971-2080	서울 노원구 공릉동 395-14	서울 노원구 동일로192길 20	127.07424150185541	37.62590150473179	http://place.map.kakao.com/504635873	117.0	HP8	0.17533244375406437	0.8308333333333334	0.2890648263178878	0.0	0.34175124785819483	10
1	1002	26611887	중앙외과의원	HP8	병원	의료,건강 > 병원 > 외과	02-977-1001	서울 노원구 공릉동 395-14	서울 노원구 동일로192길 20	127.07424377193608	37.625906008236825	http://place.map.kakao.com/26611887	117.0	HP8	0.17533244375406437	0.8308333333333334	0.2890648263178878	0.0	0.34175124785819483	11
1	1002	625192662	퀸실용음악학원 노원점	AC5	학원	교육,학문 > 학원 > 음악학원 > 실용음악학원	02-971-7773	서울 노원구 공릉동 392-14	서울 노원구 동일로192길 52	127.07587007716116	37.62663026796495	http://place.map.kakao.com/625192662	83.0	AC5	0.13859621849415737	0.8670000000000001	0.2890648263178878	0.0	0.3254506146814581	12
1	1002	1631835569	메가MGC커피 공릉역점	CE7	카페	음식점 > 카페 > 커피전문점 > 메가MGC커피	0503-7151-4685	서울 노원구 공릉동 393-5	서울 노원구 동일로192길 30	127.07481050154331	37.62623451040639	http://place.map.kakao.com/1631835569	76.0	CE7	0.1339107145312913	0.8775	0.2890648263178878	0.0	0.3247844719867091	13
1	1002	645544351	시프스	CE7	카페	음식점 > 카페	02-2039-1313	서울 노원구 공릉동 504-1	서울 노원구 동일로186길 67-20	127.076429275254	37.6262289680602	http://place.map.kakao.com/645544351	82.0	CE7	0.11425617879515122	0.8775	0.2890648263178878	0.0	0.31141938768613386	14
1	1002	27303578	투썸플레이스 노원공릉점	CE7	카페	음식점 > 카페 > 커피전문점 > 투썸플레이스	02-971-5656	서울 노원구 공릉동 392-14	서울 노원구 동일로192길 52	127.07586214107475	37.62662396616694	http://place.map.kakao.com/27303578	82.0	CE7	0.11425617879515122	0.8775	0.2890648263178878	0.0	0.31141938768613386	15
1	1002	1062275654	CU 공릉스타점 ATM	BK9	은행	금융,보험 > 금융서비스 > 은행 > ATM		서울 노원구 공릉동 388-6	서울 노원구 동일로192길 45	127.0752539469714	37.6267486917587	http://place.map.kakao.com/1062275654	96.0	BK9	0.10170139230422684	0.46422236666666694	0.2890648263178878	0.0	0.20369550087230534	16
1	1003	517730385	동작대교공영주차장	PK6	주차장	교통,수송 > 교통시설 > 주차장 > 공영주차장		서울 용산구 용산동6가 69-11		126.98315696178693	37.517776312537826	http://place.map.kakao.com/517730385	100.0	PK6	0.16017283444146668	0.2858333333333334	0.2890648263178878	0.041124972222222195	0.15951774130340618	1
1	1003	706943563	신동아쇼핑센터 주차타워	PK6	주차장	교통,수송 > 교통시설 > 주차장		서울 용산구 용산동6가 69-167	서울 용산구 이촌로 352	126.985275766514	37.5170954370667	http://place.map.kakao.com/706943563	107.0	PK6	0.14089970416252007	0.2858333333333334	0.2890648263178878	0.041124972222222195	0.14641201271372248	2
1	1004	403206403	제로원성형외과의원	HP8	병원	의료,건강 > 병원 > 성형외과	02-532-2300	서울 서초구 서초동 1318-4	서울 서초구 강남대로 403	127.02685824214129	37.49848484676706	http://place.map.kakao.com/403206403	24.0	HP8	0.6996725373751304	0.925138888888889	0.2890648263178878	0.0	0.720935844853853	1
1	1004	10356249	리엔장성형외과의원 피부과	HP8	병원	의료,건강 > 병원 > 성형외과	02-591-3625	서울 서초구 서초동 1318-4	서울 서초구 강남대로 403	127.02681299658066	37.49845512384323	http://place.map.kakao.com/10356249	28.0	HP8	0.6592406302004438	0.925138888888889	0.2890648263178878	0.0	0.6934421479750661	2
1	1004	437830680	리쥬엘의원 강남점	HP8	병원	의료,건강 > 병원 > 일반의원	0503-7151-6960	서울 서초구 서초동 1318-4	서울 서초구 강남대로 403	127.026815259293	37.4984578263415	http://place.map.kakao.com/437830680	28.0	HP8	0.6592406302004438	0.925138888888889	0.2890648263178878	0.0	0.6934421479750661	3
1	1004	636898633	베러미의원 강남점	HP8	병원	의료,건강 > 병원 > 피부과	1644-8180	서울 서초구 서초동 1318-4	서울 서초구 강남대로 403	127.026815259293	37.4984578263415	http://place.map.kakao.com/636898633	28.0	HP8	0.6592406302004438	0.925138888888889	0.2890648263178878	0.0	0.6934421479750661	4
1	1004	136349527	유픽의원 강남	HP8	병원	의료,건강 > 병원 > 피부과	02-6160-5000	서울 서초구 서초동 1318-4	서울 서초구 강남대로 403	127.026812997547	37.498457826862	http://place.map.kakao.com/136349527	28.0	HP8	0.6592406302004438	0.925138888888889	0.2890648263178878	0.0	0.6934421479750661	5
1	1004	1677440989	서리풀푸드트럭존	AT4	관광명소	여행 > 관광,명소 > 테마거리 > 먹자골목		서울 서초구 서초동 1318-7		127.02686937234695	37.49798658772074	http://place.map.kakao.com/1677440989	62.0	AT4	0.5111993379571383	0.8858333333333334	0.2890648263178878	0.0	0.5833407359162851	6
1	1004	7961654	스타벅스 몬테소리점	CE7	카페	음식점 > 카페 > 커피전문점 > 스타벅스	1522-3232	서울 서초구 서초동 1318-8	서울 서초구 강남대로 399	127.026874023027	37.4983415831768	http://place.map.kakao.com/7961654	29.0	CE7	0.46431328695201113	0.925138888888889	0.2890648263178878	0.0	0.5608915545661319	7
1	1004	18617850	강남스퀘어	CT1	문화시설	문화,예술 > 문화시설 > 공연장,연극극장		서울 강남구 역삼동 804		127.02788728853392	37.49835486341528	http://place.map.kakao.com/18617850	69.0	CT1	0.4014395117150203	0.9834722222222223	0.2890648263178878	0.0	0.5321373874049782	8
1	1004	1484462247	앤디캔디솜사탕	CE7	카페	음식점 > 카페 > 테마카페 > 디저트카페	02-765-3837	서울 서초구 서초동 1318-8	서울 서초구 강남대로 399	127.026920361572	37.4982658880851	http://place.map.kakao.com/1484462247	33.0	CE7	0.41768994794620573	0.925138888888889	0.2890648263178878	0.0	0.5291876840421843	9
1	1004	17266421	W스피치학원 강남점	AC5	학원	교육,학문 > 학원 > 웅변,스피치학원	1644-0208	서울 서초구 서초동 1318-2	서울 서초구 강남대로 405	127.02681874761277	37.49872542442533	http://place.map.kakao.com/17266421	36.0	AC5	0.42437284567695	0.8401666666666667	0.2890648263178878	0.0	0.5133387211657571	10
1	1004	27339177	612어학원 강남점	AC5	학원	교육,학문 > 학원 > 어학원	02-595-0612	서울 서초구 서초동 1318-8	서울 서초구 강남대로 399	127.02684233186879	37.498266806854076	http://place.map.kakao.com/27339177	37.0	AC5	0.41438806838758346	0.8401666666666667	0.2890648263178878	0.0	0.5065490726089878	11
1	1004	463628494	오늘의약국	PM9	약국	의료,건강 > 약국	02-3452-1011	서울 강남구 역삼동 858		127.0273309937846	37.49861268124425	http://place.map.kakao.com/463628494	20.0	PM9	0.5891346408960774	0.2751388888888889	0.2890648263178878	0.0	0.489770075248097	12
1	1004	58630396	오맛난집	FD6	음식점	음식점 > 한식		서울 서초구 서초동 1318-8	서울 서초구 강남대로 399	127.026842331546	37.4982659058478	http://place.map.kakao.com/58630396	37.0	FD6	0.37574822327523827	0.8580555555555556	0.2890648263178878	0.0	0.48456731126592634	13
1	1004	1699215494	현주네	FD6	음식점	음식점 > 분식		서울 서초구 서초동 1318-8	서울 서초구 강남대로 399	127.026842331546	37.4982659058478	http://place.map.kakao.com/1699215494	37.0	FD6	0.37574822327523827	0.8580555555555556	0.2890648263178878	0.0	0.48456731126592634	14
1	1004	724037289	환상의떡볶이	FD6	음식점	음식점 > 분식 > 떡볶이		서울 서초구 서초동 1318-8	서울 서초구 강남대로 399	127.026842331546	37.4982659058478	http://place.map.kakao.com/724037289	37.0	FD6	0.37574822327523827	0.8580555555555556	0.2890648263178878	0.0	0.48456731126592634	15
1	1004	1374304759	가배도 강남역점	CE7	카페	음식점 > 카페	02-595-4542	서울 서초구 서초동 1318-2	서울 서초구 강남대로 405	127.02675089982188	37.49873895490302	http://place.map.kakao.com/1374304759	41.0	CE7	0.3380180154890435	0.925138888888889	0.2890648263178878	0.0	0.4750107699713139	16
1	1004	10609442	메가박스 강남	CT1	문화시설	문화,예술 > 영화,영상 > 영화관 > 메가박스	1544-0070	서울 서초구 서초동 1317-20	서울 서초구 서초대로77길 3	127.026417015264	37.4979560555237	http://place.map.kakao.com/10609442	88.0	CT1	0.31222813263527693	0.9834722222222223	0.2890648263178878	0.0	0.47147364963075267	17
1	1004	1487057981	서초강산	FD6	음식점	음식점 > 패스트푸드	010-8979-5584	서울 서초구 서초동 1318-8	서울 서초구 강남대로 399	127.02684005755215	37.498231668122486	http://place.map.kakao.com/1487057981	40.0	FD6	0.34707962510374996	0.8580555555555556	0.2890648263178878	0.0	0.46507266450931434	18
1	1004	877194935	한솔요리아카데미 강남점	AC5	학원	교육,학문 > 학원 > 요리학원	02-3482-5200	서울 서초구 서초동 1318-2	서울 서초구 강남대로 405	127.02666607090534	37.49870203283064	http://place.map.kakao.com/877194935	46.0	AC5	0.3344599641429015	0.8401666666666667	0.2890648263178878	0.0	0.45219796172260407	19
1	1004	11486935	하이미디어아카데미 강남	AC5	학원	교육,학문 > 학원 > 컴퓨터학원	02-3478-0008	서울 서초구 서초동 1318-2	서울 서초구 강남대로 405	127.02669210704242	37.498775008453336	http://place.map.kakao.com/11486935	48.0	AC5	0.31890655732397044	0.8401666666666667	0.2890648263178878	0.0	0.441621645085731	20
1	1004	1019253048	바나프레소 강남역사거리점	CE7	카페	음식점 > 카페 > 바나프레소	070-8998-8984	서울 강남구 역삼동 820-9	서울 강남구 강남대로 406	127.02756290366695	37.49883157188536	http://place.map.kakao.com/1019253048	51.0	CE7	0.2594460885514357	0.925138888888889	0.2890648263178878	0.0	0.4215818596537406	21
1	1004	12119409	버거킹 강남대로점	FD6	음식점	음식점 > 패스트푸드 > 버거킹	02-566-0332	서울 강남구 역삼동 820-10	서울 강남구 강남대로 406	127.02752560187551	37.498878432916044	http://place.map.kakao.com/12119409	53.0	FD6	0.24607561748918913	0.8580555555555556	0.2890648263178878	0.0	0.396389939331413	22
1	1004	25736467	할리스 강남역점	CE7	카페	음식점 > 카페 > 커피전문점 > 할리스	02-555-0890	서울 강남구 역삼동 820-11	서울 강남구 강남대로 402	127.02777433522404	37.49871619356776	http://place.map.kakao.com/25736467	61.0	CE7	0.1991381221715423	0.925138888888889	0.2890648263178878	0.0	0.3805724425154131	23
1	1004	922184930	키치타미	AC5	학원	교육,학문 > 학원 > 미용학원		서울 서초구 서초동 1317-13	서울 서초구 서초대로77길 7	127.026357243444	37.4984227901782	http://place.map.kakao.com/922184930	69.0	AC5	0.19342660460039254	0.8401666666666667	0.2890648263178878	0.0	0.35629527723369797	24
1	1004	26844370	스페이스22	CT1	문화시설	문화,예술 > 문화시설 > 전시관	02-3469-0822	서울 강남구 역삼동 825	서울 강남구 강남대로 390	127.028637993336	37.4978474172273	http://place.map.kakao.com/26844370	152.0	CT1	0.1339107145312913	0.9834722222222223	0.2890648263178878	0.0	0.35021780532004243	25
1	1004	1930929961	하나은행365 강남역	BK9	은행	금융,보험 > 금융서비스 > 은행 > ATM		서울 서초구 서초동 1318-2	서울 서초구 강남대로 405	127.026692107043	37.4987750084605	http://place.map.kakao.com/1930929961	48.0	BK9	0.31890655732397044	0.23850942222222207	0.2890648263178878	0.0	0.29722390641906427	26
1	1004	1813068789	아라타워 주차장	PK6	주차장	교통,수송 > 교통시설 > 주차장		서울 서초구 서초동 1317-17	서울 서초구 서초대로77길 3	127.026525689238	37.4982695813957	http://place.map.kakao.com/1813068789	60.0	PK6	0.33323707715622386	0.3186458333333333	0.2890648263178878	0.04984594444444447	0.2763554541272188	27
1	1004	2046254392	하나은행 ATM	BK9	은행	금융,보험 > 금융서비스 > 은행 > ATM		서울 서초구 서초동 1318-2	서울 서초구 강남대로 405	127.026666115761	37.498828173701	http://place.map.kakao.com/2046254392	53.0	BK9	0.2831142473545362	0.23850942222222207	0.2890648263178878	0.0	0.27288513563984895	28
1	1004	8458527	하나은행 강남역지점	BK9	은행	금융,보험 > 금융서비스 > 은행 > 하나은행	02-534-0312	서울 서초구 서초동 1318-2	서울 서초구 강남대로 405	127.02666837719704	37.4988272721771	http://place.map.kakao.com/8458527	53.0	BK9	0.2831142473545362	0.23850942222222207	0.2890648263178878	0.0	0.27288513563984895	29
1	1004	304153506	코코온누리약국	PM9	약국	의료,건강 > 약국	02-539-1500	서울 강남구 역삼동 820-9	서울 강남구 강남대로 406	127.02754028609787	37.49883157716742	http://place.map.kakao.com/304153506	50.0	PM9	0.2664013366825576	0.2751388888888889	0.2890648263178878	0.0	0.27031142838290356	30
1	1004	1703205202	시계탑빌딩 주차장	PK6	주차장	교통,수송 > 교통시설 > 주차장		서울 강남구 역삼동 820-11	서울 강남구 강남대로 402	127.02782864004332	37.49877744921545	http://place.map.kakao.com/1703205202	68.0	PK6	0.28781963988527076	0.3186458333333333	0.2890648263178878	0.04984594444444447	0.2454715967829707	31
1	1004	1565587317	카카오 T 오퍼스407 주차장	PK6	주차장	교통,수송 > 교통시설 > 주차장		서울 서초구 서초동 1318-1	서울 서초구 강남대로 407	127.026591539449	37.4990020847208	http://place.map.kakao.com/1565587317	71.0	PK6	0.27243198281977077	0.3186458333333333	0.2890648263178878	0.04984594444444447	0.23500798997843064	32
1	1004	1960091759	아비쥬의원 강남점 주차장	PK6	주차장	교통,수송 > 교통시설 > 주차장	1544-0377	서울 서초구 서초동 1317-11	서울 서초구 서초대로77길 9	127.026317733111	37.4986228223914	http://place.map.kakao.com/1960091759	72.0	PK6	0.2674878006637563	0.3186458333333333	0.2890648263178878	0.04984594444444447	0.23164594611234085	33
1	1004	1295172019	SC제일은행 강남역 ATM	BK9	은행	금융,보험 > 금융서비스 > 은행 > ATM		서울 강남구 역삼동 820-9	서울 강남구 강남대로 406	127.02762288038463	37.49894057964209	http://place.map.kakao.com/1295172019	64.0	BK9	0.21788028382312244	0.23850942222222207	0.2890648263178878	0.0	0.2285260404384876	34
1	1004	26370019	SC제일은행 강남역지점	BK9	은행	금융,보험 > 금융서비스 > 은행 > SC제일은행	02-558-4041	서울 강남구 역삼동 820-9	서울 강남구 강남대로 406	127.02762288038448	37.49894057963496	http://place.map.kakao.com/26370019	64.0	BK9	0.21788028382312244	0.23850942222222207	0.2890648263178878	0.0	0.2285260404384876	35
1	1004	1319114405	강남센트럴약국	PM9	약국	의료,건강 > 약국	02-558-5559	서울 강남구 역삼동 820-9	서울 강남구 강남대로 406	127.027525631641	37.4989595234729	http://place.map.kakao.com/1319114405	60.0	PM9	0.2044766302978429	0.2751388888888889	0.2890648263178878	0.0	0.22820262804129754	36
1	1004	751017454	강남마이비약국	PM9	약국	의료,건강 > 약국	02-558-5559	서울 강남구 역삼동 820-9	서울 강남구 강남대로 406	127.027636439988	37.4989108432569	http://place.map.kakao.com/751017454	62.0	PM9	0.19393899265771722	0.2751388888888889	0.2890648263178878	0.0	0.22103703444601208	37
1	1004	20513879	글라스타워 주차장	PK6	주차장	교통,수송 > 교통시설 > 주차장		서울 강남구 역삼동 820-9		127.02783474757295	37.499031535703104	http://place.map.kakao.com/20513879	84.0	PK6	0.2147111723416973	0.3186458333333333	0.2890648263178878	0.04984594444444447	0.1957578388533407	38
1	1004	1364692966	강남엘약국	PM9	약국	의료,건강 > 약국	02-533-7737	서울 서초구 서초동 1317-11	서울 서초구 서초대로77길 9	127.0263154489116	37.49855885145178	http://place.map.kakao.com/1364692966	72.0	PM9	0.14885808080333313	0.2751388888888889	0.2890648263178878	0.0	0.19038201438503088	39
1	1004	21160803	강남역 2호선	SW8	지하철역	교통,수송 > 지하철,전철 > 수도권2호선	02-6110-2221	서울 강남구 역삼동 858	서울 강남구 강남대로 지하 396	127.02800140627488	37.49808633653005	http://place.map.kakao.com/21160803	90.0	SW8	0.30407643128483336	0.0	0.2890648263178878	0.04984594444444447	0.18005121493467324	40
2	2001	16483069	커피밀	CE7	카페	음식점 > 카페		인천 계양구 효성동 499-1	인천 계양구 마장로 546	126.7055386932735	37.52706737471382	http://place.map.kakao.com/16483069	6.0	CE7	0.8532265636477703	0.9416666666666668	0.8115075629572489	0.0	0.8711146683170637	1
2	2001	8681150	효성성모의원	HP8	병원	의료,건강 > 병원 > 일반의원	032-553-9991	인천 계양구 효성동 506-19	인천 계양구 마장로 549	126.70496993777519	37.52728129401482	http://place.map.kakao.com/8681150	61.0	HP8	0.4034357259694244	0.9231944444444445	0.8115075629572489	0.0	0.5608235653624551	2
2	2001	10045549	효성치과의원	HP8	병원	의료,건강 > 병원 > 치과	032-555-2020	인천 계양구 효성동 497-11	인천 계양구 효서로 92	126.70596066708397	37.52764416432867	http://place.map.kakao.com/10045549	71.0	HP8	0.3476539748405795	0.9231944444444445	0.8115075629572489	0.0	0.5228919745948407	3
2	2001	16830755	옥수잔치국수	FD6	음식점	음식점 > 한식 > 국수	032-547-3950	인천 계양구 효성동 497-10	인천 계양구 마장로 550	126.705506820206	37.52740516982032	http://place.map.kakao.com/16830755	39.0	FD6	0.3563841589563571	0.7484942129629629	0.8115075629572489	0.0	0.4869004442380139	4
2	2001	1082093311	북카페 이타카	CE7	카페	음식점 > 카페 > 테마카페 > 북카페	010-5191-1365	인천 계양구 효성동 497-5	인천 계양구 효서로 90-1	126.70590010402516	37.527509764704874	http://place.map.kakao.com/1082093311	56.0	CE7	0.2273006970488313	0.9416666666666668	0.8115075629572489	0.0	0.44548507902978524	5
2	2001	835455106	콩심 인천효성점	FD6	음식점	음식점 > 한식 > 국밥		인천 계양구 효성동 497-12	인천 계양구 마장로 552	126.705573134574	37.5275152570102	http://place.map.kakao.com/835455106	50.0	FD6	0.2664013366825576	0.7484942129629629	0.8115075629572489	0.0	0.4257121250918302	6
2	2001	255288930	킨크커피 효성점	CE7	카페	음식점 > 카페	010-7508-3508	인천 계양구 효성동 495-8	인천 계양구 마장로544번길 7-2	126.706292983597	37.5268521122182	http://place.map.kakao.com/255288930	64.0	CE7	0.18394440879773669	0.9416666666666668	0.8115075629572489	0.0	0.4160028030190409	7
2	2001	2066030774	누나커피 효성풍경채점	CE7	카페	음식점 > 카페		인천 계양구 효성동 497-8	인천 계양구 마장로 554	126.705518279807	37.5276556760587	http://place.map.kakao.com/2066030774	66.0	CE7	0.17446489261530404	0.9416666666666668	0.8115075629572489	0.0	0.40955673201498666	8
2	2001	1380248957	효성119안전센터	PO3	공공기관	사회,공공기관 > 행정기관 > 소방서 > 119안전센터		인천 계양구 효성동 494-10	인천 계양구 효서로 96-1	126.706479087762	37.5275724729987	http://place.map.kakao.com/1380248957	95.0	PO3	0.22136629458659662	0.7845833333333334	0.8115075629572489	0.0	0.4037496853554656	9
2	2001	1641801312	칭구포차	FD6	음식점	음식점 > 술집 > 실내포장마차	032-505-6666	인천 계양구 효성동 506-19	인천 계양구 마장로 549	126.70498394263184	37.52717230813859	http://place.map.kakao.com/1641801312	57.0	FD6	0.22136629458659657	0.7484942129629629	0.8115075629572489	0.0	0.3950882964665767	10
2	2001	700733589	나미네밥상	FD6	음식점	음식점 > 한식	032-543-8999	인천 계양구 효성동 506-20	인천 계양구 마장로 549	126.70500157849558	37.527290383040516	http://place.map.kakao.com/700733589	59.0	FD6	0.20995825350780403	0.7484942129629629	0.8115075629572489	0.0	0.3873308285329978	11
2	2001	10084568	춘천닭갈비	FD6	음식점	음식점 > 한식 > 육류,고기 > 닭요리	032-546-2973	인천 계양구 효성동 506-19	인천 계양구 마장로 549	126.704978044888	37.5272335613281	http://place.map.kakao.com/10084568	59.0	FD6	0.20995825350780403	0.7484942129629629	0.8115075629572489	0.0	0.3873308285329978	12
2	2001	11043596	효성2치안센터	PO3	공공기관	사회,공공기관 > 행정기관 > 경찰서 > 치안센터		인천 계양구 효성동 535-1	인천 계양구 마장로 557	126.70509250697	37.5280447461122	http://place.map.kakao.com/11043596	118.0	PO3	0.153659544633379	0.7845833333333334	0.8115075629572489	0.0	0.3577090953872777	13
2	2001	693249382	GS25 효성타운점	CS2	편의점	가정,생활 > 편의점 > GS25	080-999-5425	인천 계양구 효성동 506-19	인천 계양구 마장로 549	126.70499323423648	37.527111063425714	http://place.map.kakao.com/693249382	55.0	CS2	0.1540083743239964	0.27319444444444446	0.8115075629572489	0.0	0.23521296624356414	14
2	2001	706411919	효성동 공영주차장	PK6	주차장	교통,수송 > 교통시설 > 주차장 > 공영주차장		인천 계양구 효성동 533-5		126.705866333393	37.5280430718842	http://place.map.kakao.com/706411919	111.0	PK6	0.13094642184817476	0.2812152777777778	0.8115075629572489	0.038791666666666676	0.18266417189333878	15
2	2001	310994755	디오아제 주차장	PK6	주차장	교통,수송 > 교통시설 > 주차장		인천 계양구 효성동 690	인천 계양구 마장로544번길 10	126.70532785936031	37.526021690063686	http://place.map.kakao.com/310994755	117.0	PK6	0.11731916609425078	0.2812152777777778	0.8115075629572489	0.038791666666666676	0.17339763798067043	16
2	2003	1427545976	플레이팩토 수놀수학	AC5	학원	교육,학문 > 학원 > 수학학원	010-6259-2604	인천 서해구 청라동 102-10	인천 서해구 비즈니스로28번길 13	126.624422934937	37.5269300769805	http://place.map.kakao.com/1427545976	20.0	AC5	0.6211451576154515	0.34183333333333327	0.2890648263178878	0.0	0.527543893283938	1
2	2003	25629521	GS더프레시 인천청라점	MT1	대형마트	가정,생활 > 슈퍼마켓 > 대형슈퍼 > GS더프레시	032-5848-1656	인천 서해구 청라동 102-10	인천 서해구 비즈니스로28번길 13	126.623727004443	37.5265161061801	http://place.map.kakao.com/25629521	61.0	MT1	0.4462489464094479	0.29847222222222225	0.2890648263178878	0.0	0.39820780299718894	2
2	2003	1734454748	뮤엠영어 해원점	AC5	학원	교육,학문 > 학원 > 어학원 > 영어학원 > 뮤엠영어	1544-1010	인천 서해구 청라동 102-10	인천 서해구 비즈니스로28번길 13	126.62385565729507	37.52657868478409	http://place.map.kakao.com/1734454748	48.0	AC5	0.31890655732397044	0.34183333333333327	0.2890648263178878	0.0	0.32202164508573095	3
2	2003	1686009232	유앤나잉글리쉬	AC5	학원	교육,학문 > 학원 > 어학원 > 영어학원	0505-058-8001	인천 서해구 청라동 102-10	인천 서해구 비즈니스로28번길 13	126.6238160175	37.5265875684984	http://place.map.kakao.com/1686009232	51.0	AC5	0.2969220257278962	0.34183333333333327	0.2890648263178878	0.0	0.30707216360040046	4
2	2003	18533156	김지현음악학원	AC5	학원	교육,학문 > 학원 > 음악학원		인천 서해구 청라동 102-10	인천 서해구 비즈니스로28번길 13	126.623821868409	37.5265488442704	http://place.map.kakao.com/18533156	52.0	AC5	0.2899359512667195	0.34183333333333327	0.2890648263178878	0.0	0.30232163296680026	5
2	2003	19152983	아트피플미술학원	AC5	학원	교육,학문 > 학원 > 미술학원		인천 서해구 청라동 102-10	인천 서해구 비즈니스로28번길 13	126.623817379515	37.5265416219963	http://place.map.kakao.com/19152983	53.0	AC5	0.2831142473545362	0.34183333333333327	0.2890648263178878	0.0	0.29768287430651563	6
2	2004	348975489	테라커피 길음뉴타운점	CE7	카페	음식점 > 카페 > 커피전문점 > 테라커피	0507-1406-0889	서울 성북구 길음동 1285	서울 성북구 길음로13길 22	127.01953658410405	37.60972978428553	http://place.map.kakao.com/348975489	8.0	CE7	0.809255806013739	0.9640277777777777	0.2890648263178878	0.0	0.8047858008614402	1
2	2004	1234648630	스마트해법수학 길음수학교습소	AC5	학원	교육,학문 > 학원 > 수학학원		서울 성북구 길음동 1285	서울 성북구 길음로13길 22	127.01949694583612	37.6097342957874	http://place.map.kakao.com/1234648630	10.0	AC5	0.788127627745311	0.9095277777777778	0.2890648263178878	0.0	0.7773386396389091	2
2	2004	13508180	신상윤내과의원	HP8	병원	의료,건강 > 병원 > 내과	02-941-3505	서울 성북구 길음동 1285	서울 성북구 길음로13길 22	127.019443742227	37.6098361163635	http://place.map.kakao.com/13508180	12.0	HP8	0.8364643072929833	0.7443055555555556	0.2890648263178878	0.0	0.770554248397993	3
2	2004	18888707	구포국수	FD6	음식점	음식점 > 한식 > 국수		서울 성북구 길음동 1285	서울 성북구 길음로13길 22	127.019534362824	37.6098973686709	http://place.map.kakao.com/18888707	11.0	FD6	0.7475117229191467	0.9552777777777779	0.2890648263178878	0.0	0.7606998243571176	4
2	2004	15605108	아이&I소아청소년과의원	HP8	병원	의료,건강 > 병원 > 소아청소년과	02-943-1333	서울 성북구 길음동 1285	서울 성북구 길음로13길 22	127.019570542356	37.6096595014968	http://place.map.kakao.com/15605108	16.0	HP8	0.788127627745311	0.7443055555555556	0.2890648263178878	0.0	0.7376853063055758	5
2	2004	1955283836	미아리우동집 길음점	FD6	음식점	음식점 > 일식 > 돈까스,우동	070-8712-5554	서울 성북구 길음동 1285	서울 성북구 길음로13길 22	127.01951731841685	37.609682936028186	http://place.map.kakao.com/1955283836	14.0	FD6	0.6904785504771092	0.9552777777777779	0.2890648263178878	0.0	0.7219172670965319	6
2	2004	1903252696	동네커피	CE7	카페	음식점 > 카페 > 테마카페 > 디저트카페	02-912-0716	서울 성북구 길음동 1285	서울 성북구 길음로13길 22	127.01943809984206	37.6099145033568	http://place.map.kakao.com/1903252696	17.0	CE7	0.6377968586327277	0.9640277777777777	0.2890648263178878	0.0	0.6881937166423525	7
2	2004	1673414518	정치과의원	HP8	병원	의료,건강 > 병원 > 치과	02-943-2810	서울 성북구 길음동 1285	서울 성북구 길음로13길 22	127.01964412948581	37.60954956856517	http://place.map.kakao.com/1673414518	28.0	HP8	0.6592406302004438	0.7443055555555556	0.2890648263178878	0.0	0.6500421479750661	8
2	2004	1253735401	세븐일레븐 길음두산위브점	CS2	편의점	가정,생활 > 편의점 > 세븐일레븐		서울 성북구 길음동 1285	서울 성북구 길음로13길 22	127.0195479068297	37.60971897053866	http://place.map.kakao.com/1253735401	9.0	CS2	0.7362964551863367	0.5199958333333333	0.2890648263178878	0.0	0.64860577563214	9
2	2004	510983675	상위권수학	AC5	학원	교육,학문 > 학원 > 수학학원		서울 성북구 길음동 1285	서울 성북구 길음로13길 22	127.01936561680914	37.60991721824666	http://place.map.kakao.com/510983675	22.0	AC5	0.592260016295893	0.9095277777777778	0.2890648263178878	0.0	0.6441486638533049	10
2	2004	26601060	클라비어스튜디오	AC5	학원	교육,학문 > 학원 > 음악학원 > 피아노학원	02-6012-8680	서울 성북구 길음동 1285	서울 성북구 길음로13길 22	127.019606769908	37.6096054361231	http://place.map.kakao.com/26601060	22.0	AC5	0.592260016295893	0.9095277777777778	0.2890648263178878	0.0	0.6441486638533049	11
2	2004	135105935	마라공방 길음뉴타운점	FD6	음식점	음식점 > 중식 > 중국요리	02-912-4958	서울 성북구 길음동 1285	서울 성북구 길음로13길 22	127.019604501962	37.6095946246277	http://place.map.kakao.com/135105935	23.0	FD6	0.5441852219965451	0.9552777777777779	0.2890648263178878	0.0	0.6224378037297483	12
2	2004	13508876	웰팜약국	PM9	약국	의료,건강 > 약국	02-914-7773	서울 성북구 길음동 1285	서울 성북구 길음로13길 22	127.01963281887846	37.60960633278183	http://place.map.kakao.com/13508876	22.0	PM9	0.5587737759015512	0.8793472222222223	0.2890648263178878	0.0	0.6141346870518192	13
2	2004	925286719	스마트동물병원 성북길음점	HP8	병원	가정,생활 > 반려동물 > 동물병원	02-941-5575	서울 성북구 길음동 1285	서울 성북구 길음로13길 22	127.01976528927	37.6094612513836	http://place.map.kakao.com/925286719	41.0	HP8	0.5432861882973516	0.7443055555555556	0.2890648263178878	0.0	0.5711931274809635	14
2	2004	1764381776	동경규동 길음뉴타운점	FD6	음식점	음식점 > 일식 > 돈까스,우동 > 동경규동	0507-1416-2533	서울 성북구 길음동 1285	서울 성북구 길음로13길 22	127.01968716293021	37.609536046559406	http://place.map.kakao.com/1764381776	31.0	FD6	0.4403850504475796	0.9552777777777779	0.2890648263178878	0.0	0.5518536870764518	15
2	2004	988532417	곱분이곱창 길음점	FD6	음식점	음식점 > 한식 > 육류,고기 > 곱창,막창 > 곱분이곱창	02-909-3242	서울 성북구 길음동 1285	서울 성북구 길음로13길 22	127.01970640871733	37.60950721168782	http://place.map.kakao.com/988532417	34.0	FD6	0.4067848328817757	0.9552777777777779	0.2890648263178878	0.0	0.5290055391317051	16
2	2004	18508107	이디야커피 길음뉴타운점	CE7	카페	음식점 > 카페 > 커피전문점 > 이디야커피	02-909-0279	서울 성북구 길음동 1282	서울 성북구 길음로 74	127.01986284588025	37.61005228399312	http://place.map.kakao.com/18508107	37.0	CE7	0.37574822327523827	0.9640277777777777	0.2890648263178878	0.0	0.5100006445992596	17
2	2004	751644870	메가MGC커피 길음두산위브점	CE7	카페	음식점 > 카페 > 커피전문점 > 메가MGC커피	02-943-0688	서울 성북구 길음동 1285	서울 성북구 길음로13길 22	127.01974944021985	37.609486481733605	http://place.map.kakao.com/751644870	38.0	CE7	0.3659381293761164	0.9640277777777777	0.2890648263178878	0.0	0.5033297807478568	18
2	2004	15621886	탑픽학원	AC5	학원	교육,학문 > 학원 > 수학학원	02-915-9157	서울 성북구 길음동 1285	서울 성북구 길음로13길 22	127.019312440149	37.6101244544954	http://place.map.kakao.com/15621886	42.0	AC5	0.36787944117144233	0.9095277777777778	0.2890648263178878	0.0	0.4915698727686785	19
2	2004	1246945668	브루너클라리넷음악교습소	AC5	학원	교육,학문 > 학원 > 음악학원		서울 성북구 길음동 1285	서울 성북구 길음로13길 22	127.019323589069	37.6094415027678	http://place.map.kakao.com/1246945668	45.0	AC5	0.34251885509304564	0.9095277777777778	0.2890648263178878	0.0	0.4743246742353687	20
2	2004	16621730	홈플러스익스프레스 길음점	MT1	대형마트	가정,생활 > 슈퍼마켓 > 대형슈퍼 > 홈플러스익스프레스	02-942-8545	서울 성북구 길음동 1285	서울 성북구 길음로13길 22	127.018891197452	37.6104020273656	http://place.map.kakao.com/16621730	90.0	MT1	0.30407643128483336	0.977638888888889	0.2890648263178878	0.0	0.46453049271245106	21
2	2004	898542447	요거트아이스크림의정석 길음점	CE7	카페	음식점 > 카페 > 테마카페 > 디저트카페 > 요거트아이스크림의정석	02-943-2022	서울 성북구 길음동 1285	서울 성북구 길음로13길 22	127.0191969130837	37.610101948607195	http://place.map.kakao.com/898542447	47.0	CE7	0.2884059498067553	0.9640277777777777	0.2890648263178878	0.0	0.4506078986406913	22
2	2004	8710019	길음1동주민센터	PO3	공공기관	사회,공공기관 > 지방행정기관 > 행정복지센터 > 동행정복지센터	02-2241-5440	서울 성북구 길음동 1281-7	서울 성북구 길음로 92	127.019502782008	37.6103983239234	http://place.map.kakao.com/8710019	66.0	PO3	0.3507719269028114	0.65	0.2890648263178878	0.0	0.4176500963993428	23
2	2004	10270918	뉴타운치과	HP8	병원	의료,건강 > 병원 > 치과	02-911-2670	서울 성북구 길음동 1281-6	서울 성북구 삼양로13길 45	127.01967161664076	37.61071093915319	http://place.map.kakao.com/10270918	101.0	HP8	0.22246706952230366	0.7443055555555556	0.2890648263178878	0.0	0.35303612671393086	24
2	2004	21267584	길음지구대	PO3	공공기관	사회,공공기관 > 행정기관 > 경찰서 > 지구대	02-920-1830	서울 성북구 길음동 1281-5	서울 성북구 삼양로13길 51	127.019253671445	37.6106073943244	http://place.map.kakao.com/21267584	93.0	PO3	0.22850653346991975	0.65	0.2890648263178878	0.0	0.3345096288649765	25
2	2004	15610981	두산위브어린이집	PS3	어린이집,유치원	교육,학문 > 유아교육 > 어린이집	02-915-5650	서울 성북구 길음동 1285	서울 성북구 길음로13길 22	127.01865425807645	37.609468640146574	http://place.map.kakao.com/15610981	89.0	PS3	0.17103740291968864	0.4155750000000001	0.2890648263178878	0.0	0.23916862009081932	26
3	3002	1714102933	커피유	CE7	카페	음식점 > 카페	010-2064-0254	충남 천안시 서북구 불당동 1498	충남 천안시 서북구 불당24로 38	127.10727707853248	36.820605063048895	http://place.map.kakao.com/1714102933	39.0	CE7	0.3563841589563571	0.6045138888888888	0.45815690999132624	0.0	0.42407711422296224	1
3	3002	759296808	지웰키즈어린이집	PS3	어린이집,유치원	교육,학문 > 유아교육 > 어린이집	041-571-1260	충남 천안시 서북구 불당동 1498	충남 천안시 서북구 불당24로 38	127.1067746371523	36.821185829596516	http://place.map.kakao.com/759296808	73.0	PS3	0.23494291754384403	0.6857291666666667	0.45815690999132624	0.0	0.36098873672912	2
3	3002	568900401	장에가던날 신불당점	FD6	음식점	음식점 > 한식	041-523-2399	충남 천안시 서북구 불당동 1498	충남 천안시 서북구 불당24로 38	127.10738061809195	36.82090864339582	http://place.map.kakao.com/568900401	64.0	FD6	0.18394440879773669	0.5845833333333332	0.45815690999132624	0.0	0.302034750781767	3
3	3002	1342274546	리브로아르츠 천안불당센터	AC5	학원	교육,학문 > 학원 > 미술학원	010-8385-7476	충남 천안시 서북구 불당동 1492	충남 천안시 서북구 불당26로 144	127.10783171937399	36.82048741720336	http://place.map.kakao.com/1342274546	88.0	AC5	0.12304094470311124	0.6383653194444445	0.45815690999132624	0.0	0.27352807186408845	4
3	3002	2700434	푸르지오피아노교습소	AC5	학원	교육,학문 > 학원 > 음악학원 > 피아노학원	041-555-5658	충남 천안시 서북구 불당동 1492	충남 천안시 서북구 불당26로 144	127.10788209289275	36.820442316051306	http://place.map.kakao.com/2700434	93.0	AC5	0.10923150889627105	0.6383653194444445	0.45815690999132624	0.0	0.2641376555154371	5
3	3002	852585567	천안서부새마을금고 불무지점	BK9	은행	금융,보험 > 금융서비스 > 은행 > 새마을금고	041-569-6101	충남 천안시 서북구 불당동 1492	충남 천안시 서북구 불당26로 144	127.10784568756041	36.82085685929438	http://place.map.kakao.com/852585567	97.0	BK9	0.09930853007818986	0.09645582222222228	0.45815690999132624	0.0	0.12733175058580856	6
3	3003	844291670	고요히	CE7	카페	음식점 > 카페	0502-5551-1856	충남 천안시 서북구 불당동 1344	충남 천안시 서북구 불당16길 34-8	127.10691575811617	36.80096297705833	http://place.map.kakao.com/844291670	10.0	CE7	0.7675510672887357	0.9241666666666666	0.2890648263178878	0.0	0.7668599118617713	1
3	3003	2081604774	디저트카페하나둘	CE7	카페	음식점 > 카페 > 테마카페 > 디저트카페	041-558-2883	충남 천안시 서북구 불당동 1347	충남 천안시 서북구 불당16길 34-5	127.10704656443	36.8007501969155	http://place.map.kakao.com/2081604774	16.0	CE7	0.6548949595669464	0.9241666666666666	0.2890648263178878	0.0	0.6902537586109546	2
3	3003	1849874628	대구뭉티기 천안불당점	FD6	음식점	음식점 > 한식 > 육류,고기		충남 천안시 서북구 불당동 1346	충남 천안시 서북구 불당16길 34-7	127.10684259807553	36.80072875362272	http://place.map.kakao.com/1849874628	16.0	FD6	0.6548949595669464	0.7847569027777778	0.2890648263178878	0.0	0.6567954152776213	3
3	3003	805329176	장군꼬들살전문점(불당점)	FD6	음식점	음식점		충남 천안시 서북구 불당동 1346	충남 천안시 서북구 불당16길 34-7	127.106842598075	36.8007287536053	http://place.map.kakao.com/805329176	16.0	FD6	0.6548949595669464	0.7847569027777778	0.2890648263178878	0.0	0.6567954152776213	4
3	3003	1658094911	화양연화	FD6	음식점	음식점 > 한식	041-622-0909	충남 천안시 서북구 불당동 1345	충남 천안시 서북구 불당16길 16-3	127.10676446124	36.8009450907236	http://place.map.kakao.com/1658094911	17.0	FD6	0.6377968586327277	0.7847569027777778	0.2890648263178878	0.0	0.6451687066423526	5
3	3003	21559095	기린더매운갈비찜 본점	FD6	음식점	음식점 > 한식 > 육류,고기 > 갈비	041-523-9498	충남 천안시 서북구 불당동 1343	충남 천안시 서북구 불당16길 34-6	127.10706706760573	36.800989874311185	http://place.map.kakao.com/21559095	18.0	FD6	0.6211451576154515	0.7847569027777778	0.2890648263178878	0.0	0.6338455499506047	6
3	3003	1368229205	카페디스커스	CE7	카페	음식점 > 카페		충남 천안시 서북구 불당동 1353	충남 천안시 서북구 불당16길 16-7	127.10688163753	36.8005998594942	http://place.map.kakao.com/1368229205	29.0	CE7	0.46431328695201113	0.9241666666666666	0.2890648263178878	0.0	0.5606582212327986	7
3	3003	24990555	아이언	FD6	음식점	음식점 > 양식	041-522-6946	충남 천안시 서북구 불당동 1342	충남 천안시 서북구 불당16길 34-4	127.10720039341217	36.800977138645	http://place.map.kakao.com/24990555	27.0	FD6	0.4895416595569531	0.7847569027777778	0.2890648263178878	0.0	0.5443551712708258	8
3	3003	17415875	랜디스커피	CE7	카페	음식점 > 카페 > 커피전문점	041-555-1880	충남 천안시 서북구 불당동 1335	충남 천안시 서북구 불당16길 20-1	127.10706059275273	36.80116830035332	http://place.map.kakao.com/17415875	35.0	CE7	0.3961644302820655	0.9241666666666666	0.2890648263178878	0.0	0.5143169986972356	9
3	3003	894662959	아커스	CE7	카페	음식점 > 카페	010-4824-5343	충남 천안시 서북구 불당동 1318	충남 천안시 서북구 불당16길 19	127.106889427603	36.8013676000928	http://place.map.kakao.com/894662959	55.0	CE7	0.23339418937002374	0.9241666666666666	0.2890648263178878	0.0	0.40363323487704716	10
3	3003	25901707	포트메리온	AT4	관광명소	여행 > 관광,명소 > 도자기,도예촌	041-412-9796	충남 천안시 서북구 불당동 1299	충남 천안시 서북구 공원로 227	127.104679643653	36.8004855744303	http://place.map.kakao.com/25901707	205.0	AT4	0.10875966726050738	0.885	0.2890648263178878	0.0	0.30948175984257603	11
3	3003	1059141067	CU ATM 천안불당신도시점	BK9	은행	금융,보험 > 금융서비스 > 은행 > ATM		충남 천안시 서북구 불당동 1361	충남 천안시 서북구 불당16길 38	127.107494237114	36.8003641171041	http://place.map.kakao.com/1059141067	75.0	BK9	0.16767724875179707	0.23624999999999993	0.2890648263178878	0.0	0.193845715256653	12
3	3004	1592384718	키케	CE7	카페	음식점 > 카페		충남 천안시 서북구 불당동 1315	충남 천안시 서북구 불당16길 23	127.107359009825	36.8014221449857	http://place.map.kakao.com/1592384718	6.0	CE7	0.8532265636477703	0.8775000000000001	0.2890648263178878	0.0	0.8139192493859149	1
3	3004	796898604	케미바이페어링지	FD6	음식점	음식점 > 술집 > 와인바	041-558-1383	충남 천안시 서북구 불당동 1337	충남 천안시 서북구 불당16길 24	127.10736989571	36.8011932526721	http://place.map.kakao.com/796898604	18.0	FD6	0.6211451576154515	0.9533333333333334	0.2890648263178878	0.0	0.6743038932839381	2
3	3004	1242141212	카메센동	FD6	음식점	음식점 > 일식		충남 천안시 서북구 불당동 1337	충남 천안시 서북구 불당16길 24	127.107366522781	36.8011851456901	http://place.map.kakao.com/1242141212	19.0	FD6	0.6049282018356529	0.9533333333333334	0.2890648263178878	0.0	0.663276363353675	3
3	3004	426456548	투카인즈오브커피	CE7	카페	음식점 > 카페		충남 천안시 서북구 불당동 1338	충남 천안시 서북구 불당16길 26	127.107553713955	36.8012291310742	http://place.map.kakao.com/426456548	23.0	CE7	0.5441852219965451	0.8775000000000001	0.2890648263178878	0.0	0.6037711370630817	4
3	3004	2038460112	밀밀	FD6	음식점	음식점 > 양식		충남 천안시 서북구 불당동 1317	충남 천안시 서북구 불당16길 21	127.107038508089	36.8014026093921	http://place.map.kakao.com/2038460112	27.0	FD6	0.4895416595569531	0.9533333333333334	0.2890648263178878	0.0	0.5848135146041592	5
3	3004	1392199573	록희원 불당점	FD6	음식점	음식점 > 중식	041-414-7725	충남 천안시 서북구 불당동 1313	충남 천안시 서북구 불당16길 25-1	127.107673949392	36.8014705203217	http://place.map.kakao.com/1392199573	31.0	FD6	0.4403850504475796	0.9533333333333334	0.2890648263178878	0.0	0.5513870204097852	6
3	3004	17415875	랜디스커피	CE7	카페	음식점 > 카페 > 커피전문점	041-555-1880	충남 천안시 서북구 불당동 1335	충남 천안시 서북구 불당16길 20-1	127.10706059275273	36.80116830035332	http://place.map.kakao.com/17415875	33.0	CE7	0.41768994794620573	0.8775000000000001	0.2890648263178878	0.0	0.517754350708851	7
3	3004	894662959	아커스	CE7	카페	음식점 > 카페	010-4824-5343	충남 천안시 서북구 불당동 1318	충남 천안시 서북구 불당16길 19	127.106889427603	36.8013676000928	http://place.map.kakao.com/894662959	40.0	CE7	0.34707962510374996	0.8775000000000001	0.2890648263178878	0.0	0.469739331175981	8
3	3004	24990555	아이언	FD6	음식점	음식점 > 양식	041-522-6946	충남 천안시 서북구 불당동 1342	충남 천안시 서북구 불당16길 34-4	127.10720039341217	36.800977138645	http://place.map.kakao.com/24990555	44.0	FD6	0.31222813263527693	0.9533333333333334	0.2890648263178878	0.0	0.46424031629741935	9
3	3004	844291670	고요히	CE7	카페	음식점 > 카페	0502-5551-1856	충남 천안시 서북구 불당동 1344	충남 천안시 서북구 불당16길 34-8	127.10691575811617	36.80096297705833	http://place.map.kakao.com/844291670	58.0	CE7	0.21558682844018062	0.8775000000000001	0.2890648263178878	0.0	0.38032422944475386	10
3	3005	1842698781	이화원	FD6	음식점	음식점 > 중식 > 중국요리	041-556-9000	충남 천안시 서북구 불당동 1491	충남 천안시 서북구 불당23로 73-27	127.109720835057	36.8200783877396	http://place.map.kakao.com/1842698781	25.0	FD6	0.516140810905859	0.9844444444444445	0.2890648263178878	0.0	0.6103676041880818	1
3	3005	497132088	바른뿌리치과의원	HP8	병원	의료,건강 > 병원 > 치과	041-414-2879	충남 천안시 서북구 불당동 1489	충남 천안시 서북구 불당25로 208	127.1094310038881	36.819613682403265	http://place.map.kakao.com/497132088	37.0	HP8	0.5766064900631105	0.758888888888889	0.2890648263178878	0.0	0.5973509326816795	2
3	3005	2062492501	갓잇 천안불당점	FD6	음식점	음식점 > 양식 > 멕시칸,브라질	070-8672-5006	충남 천안시 서북구 불당동 1491	충남 천안시 서북구 불당23로 73-27	127.10943053735971	36.820073248569145	http://place.map.kakao.com/2062492501	36.0	FD6	0.38582130682912413	0.9844444444444445	0.2890648263178878	0.0	0.5217503414159022	3
3	3005	163023831	희미한옛사랑의그림자	FD6	음식점	음식점 > 술집 > 호프,요리주점	041-566-2232	충남 천안시 서북구 불당동 1489	충남 천안시 서북구 불당25로 208	127.109426561723	36.8196425219904	http://place.map.kakao.com/163023831	36.0	FD6	0.38582130682912413	0.9844444444444445	0.2890648263178878	0.0	0.5217503414159022	4
3	3005	2055653768	공차 천안불당파크점	CE7	카페	음식점 > 카페 > 공차	041-552-3357	충남 천안시 서북구 불당동 1489	충남 천안시 서북구 불당25로 208	127.10942431754835	36.81964072183683	http://place.map.kakao.com/2055653768	36.0	CE7	0.38582130682912413	0.9494444444444444	0.2890648263178878	0.0	0.5133503414159022	5
3	3005	259723432	이복자충남병천순대	FD6	음식점	음식점 > 한식 > 순대		충남 천안시 서북구 불당동 1489	충남 천안시 서북구 불당25로 208	127.109401870678	36.8196191158487	http://place.map.kakao.com/259723432	39.0	FD6	0.3563841589563571	0.9844444444444445	0.2890648263178878	0.0	0.5017330808624205	6
3	3005	412357857	퍼스트	FD6	음식점	음식점 > 술집		충남 천안시 서북구 불당동 1489	충남 천안시 서북구 불당25로 208	127.109401870678	36.8196191158487	http://place.map.kakao.com/412357857	39.0	FD6	0.3563841589563571	0.9844444444444445	0.2890648263178878	0.0	0.5017330808624205	7
3	3005	69039268	프랭크커핀바 불당점	CE7	카페	음식점 > 카페	010-3367-7611	충남 천안시 서북구 불당동 1489	충남 천안시 서북구 불당25로 208	127.10940187067784	36.819619115848674	http://place.map.kakao.com/69039268	39.0	CE7	0.3563841589563571	0.9494444444444444	0.2890648263178878	0.0	0.49333308086242056	8
3	3005	330682670	바를추한방병원	HP8	병원	의료,건강 > 병원 > 한방병원	041-414-9696	충남 천안시 서북구 불당동 1491	충남 천안시 서북구 불당23로 73-27	127.109688812486	36.8204154321447	http://place.map.kakao.com/330682670	62.0	HP8	0.3974766663491906	0.758888888888889	0.2890648263178878	0.0	0.475542652556214	9
3	3005	771656751	아리스타동물의료센터	HP8	병원	가정,생활 > 반려동물 > 동물병원	041-909-4141	충남 천안시 서북구 불당동 1483	충남 천안시 서북구 불당23로 73-30	127.110391043668	36.820052536392	http://place.map.kakao.com/771656751	62.0	HP8	0.3974766663491906	0.758888888888889	0.2890648263178878	0.0	0.475542652556214	10
3	3005	1831794143	원유로스페셜티 천안불당점	CE7	카페	음식점 > 카페 > 커피전문점 > 원유로스페셜티	041-417-7894	충남 천안시 서북구 불당동 1491	충남 천안시 서북구 불당23로 73-27	127.109486802522	36.8202308909175	http://place.map.kakao.com/1831794143	47.0	CE7	0.2884059498067553	0.9494444444444444	0.2890648263178878	0.0	0.44710789864069134	11
3	3005	524952552	아이행복약국	PM9	약국	의료,건강 > 약국	041-558-1044	충남 천안시 서북구 불당동 1489	충남 천안시 서북구 불당25로 208	127.109429883084	36.8196136834347	http://place.map.kakao.com/524952552	37.0	PM9	0.37574822327523827	0.6045836944444445	0.2890648263178878	0.0	0.4237340645992597	12
3	3005	1911330648	컴포즈커피 천안신불당파크점	CE7	카페	음식점 > 카페 > 커피전문점 > 컴포즈커피	041-566-8707	충남 천안시 서북구 불당동 1489	충남 천안시 서북구 불당25로 208	127.10919790865115	36.8196364243986	http://place.map.kakao.com/1911330648	53.0	CE7	0.24607561748918913	0.9494444444444444	0.2890648263178878	0.0	0.41832327266474634	13
3	3005	897279969	아벤어학원	AC5	학원	교육,학문 > 학원 > 어학원		충남 천안시 서북구 불당동 1491	충남 천안시 서북구 불당23로 73-27	127.109683195548	36.8204064262164	http://place.map.kakao.com/897279969	61.0	AC5	0.23401245176225902	0.9393333333333334	0.2890648263178878	0.0	0.40769365330376717	14
3	3005	476483623	감동수학전문학원	AC5	학원	교육,학문 > 학원 > 수학학원	041-415-1299	충남 천안시 서북구 불당동 1491	충남 천안시 서북구 불당23로 73-27	127.10968768909848	36.82041363096252	http://place.map.kakao.com/476483623	62.0	AC5	0.22850653346991975	0.9393333333333334	0.2890648263178878	0.0	0.40394962886497643	15
3	3005	1069411236	명문영영어학원	AC5	학원	교육,학문 > 학원 > 어학원 > 영어학원		충남 천안시 서북구 불당동 1491	충남 천안시 서북구 불당23로 73-27	127.109688812485	36.8204154321276	http://place.map.kakao.com/1069411236	62.0	AC5	0.22850653346991975	0.9393333333333334	0.2890648263178878	0.0	0.40394962886497643	16
3	3005	1348229871	플레이팩토 에듀파크	AC5	학원	교육,학문 > 학원 > 수학학원 > 플레이팩토	041-522-8188	충남 천안시 서북구 불당동 1491	충남 천안시 서북구 불당23로 73-27	127.109688812486	36.8204154321447	http://place.map.kakao.com/1348229871	62.0	AC5	0.22850653346991975	0.9393333333333334	0.2890648263178878	0.0	0.40394962886497643	17
3	3005	1081671590	혜온수학학원	AC5	학원	교육,학문 > 학원 > 수학학원	010-9563-2601	충남 천안시 서북구 불당동 1491	충남 천안시 서북구 불당23로 73-27	127.109688812485	36.8204154321276	http://place.map.kakao.com/1081671590	62.0	AC5	0.22850653346991975	0.9393333333333334	0.2890648263178878	0.0	0.40394962886497643	18
3	3005	1004450103	천안농협하나로마트 불당점	MT1	대형마트	가정,생활 > 슈퍼마켓 > 대형슈퍼 > 하나로마트	041-622-7326	충남 천안시 서북구 불당동 1488	충남 천안시 서북구 불당25로 200	127.10913742489195	36.81887504248858	http://place.map.kakao.com/1004450103	120.0	MT1	0.2044766302978429	0.9922222222222222	0.2890648263178878	0.0	0.40030262804129757	19
3	3005	163541306	골프존파크힐 주차장	PK6	주차장	교통,수송 > 교통시설 > 주차장		충남 천안시 서북구 불당동 1491	충남 천안시 서북구 불당23로 73-27	127.1098342674357	36.82023958158113	http://place.map.kakao.com/163541306	44.0	PK6	0.4467032362474703	0.30041666666666667	0.2890648263178878	0.0	0.39898338675371087	20
3	3005	1553337167	메디그린한방병원	HP8	병원	의료,건강 > 병원 > 한방병원	1522-2357	충남 천안시 서북구 불당동 1485	충남 천안시 서북구 번영로 201	127.11008934746766	36.819131882324434	http://place.map.kakao.com/1553337167	85.0	HP8	0.28227289805680494	0.758888888888889	0.2890648263178878	0.0	0.3972040901173918	21
3	3005	1168322272	비에이랩의원	HP8	병원	의료,건강 > 병원 > 피부과	041-417-5554	충남 천안시 서북구 불당동 1485	충남 천안시 서북구 번영로 201	127.110084856537	36.8191264798255	http://place.map.kakao.com/1168322272	86.0	HP8	0.2781035076919463	0.758888888888889	0.2890648263178878	0.0	0.39436890466928787	22
3	3005	807361564	빽다방 천안시청점	CE7	카페	음식점 > 카페 > 커피전문점 > 빽다방	041-522-6677	충남 천안시 서북구 불당동 1489	충남 천안시 서북구 불당25로 208	127.10916414758576	36.81954003671182	http://place.map.kakao.com/807361564	61.0	CE7	0.1991381221715423	0.9494444444444444	0.2890648263178878	0.0	0.38640577584874647	23
3	3005	25115282	Sh수협은행 천안지점	BK9	은행	금융,보험 > 금융서비스 > 은행 > Sh수협은행	041-523-3560	충남 천안시 서북구 불당동 1485	충남 천안시 서북구 번영로 201	127.110089347467	36.819131882307296	http://place.map.kakao.com/25115282	85.0	BK9	0.13215107228561426	0.5041114	0.2890648263178878	0.0	0.23397465125964872	24
3	3005	1003263195	GS25 불당아리스타점	CS2	편의점	가정,생활 > 편의점 > GS25		충남 천안시 서북구 불당동 1483	충남 천안시 서북구 불당23로 73-30	127.1103888046353	36.82005434068908	http://place.map.kakao.com/1003263195	62.0	CS2	0.12137825470888314	0.3441666666666667	0.2890648263178878	0.0	0.18826239930747155	25
3	3005	1238877962	세븐일레븐 천안불당아리스타점	CS2	편의점	가정,생활 > 편의점 > 세븐일레븐		충남 천안시 서북구 불당동 1483	충남 천안시 서북구 불당23로 73-30	127.110395537263	36.8200597410946	http://place.map.kakao.com/1238877962	63.0	CS2	0.11731916609425078	0.3441666666666667	0.2890648263178878	0.0	0.18550221904952155	26
3	3005	626517436	센트에비뉴 주차장	PK6	주차장	교통,수송 > 교통시설 > 주차장		충남 천안시 서북구 불당동 1485	충남 천안시 서북구 번영로 201	127.10980312331104	36.81883748417294	http://place.map.kakao.com/626517436	112.0	PK6	0.12856996459233197	0.30041666666666667	0.2890648263178878	0.0	0.18265276202821676	27
3	3005	1299209315	CU 신불당CGV점	CS2	편의점	가정,생활 > 편의점 > CU		충남 천안시 서북구 불당동 1485	충남 천안시 서북구 번영로 201	127.10986982839577	36.81924202069851	http://place.map.kakao.com/1299209315	68.0	CS2	0.09897131977429492	0.3441666666666667	0.2890648263178878	0.0	0.17302568355195158	28
3	3005	162547518	천안NS타워 주차장	PK6	주차장	교통,수송 > 교통시설 > 주차장		충남 천안시 서북구 불당동 1488	충남 천안시 서북구 불당25로 200	127.109134077865	36.818885858874	http://place.map.kakao.com/162547518	119.0	PK6	0.11309951552281072	0.30041666666666667	0.2890648263178878	0.0	0.1721328566609423	29
3	3006	759296808	지웰키즈어린이집	PS3	어린이집,유치원	교육,학문 > 유아교육 > 어린이집	041-571-1260	충남 천안시 서북구 불당동 1498	충남 천안시 서북구 불당24로 38	127.1067746371523	36.821185829596516	http://place.map.kakao.com/759296808	86.0	PS3	0.18152730308883575	0.7797916666666667	0.2890648263178878	0.0	0.3337137522058393	1
3	3006	26870154	천안불무초등학교	SC4	학교	교육,학문 > 학교 > 초등학교	041-567-0800	충남 천안시 서북구 불당동 1501	충남 천안시 서북구 불당23로 29	127.104988151025	36.8196285012759	http://place.map.kakao.com/26870154	149.0	SC4	0.1393314752278817	0.8261666666666667	0.2890648263178878	0.0	0.3161505892603906	2
4	4002	9108449	서울과학기술대학교	SC4	학교	교육,학문 > 학교 > 대학교	02-970-6114	서울 노원구 공릉동 172	서울 노원구 공릉로 232	127.08027896385352	37.631881000815284	http://place.map.kakao.com/9108449	110.0	SC4	0.23339418937002374	0.8454166666666666	0.8115075629572489	0.0	0.42652865380819605	1
4	4002	909207383	서울과학기술대학교 주차장	PK6	주차장	교통,수송 > 교통시설 > 주차장		서울 노원구 공릉동 172	서울 노원구 공릉로 232	127.07802236443943	37.63199603879772	http://place.map.kakao.com/909207383	112.0	PK6	0.12856996459233197	0.27975694444444443	0.8115075629572489	0.13229687499999998	0.08719297262603232	2
4	4003	835492758	충주식당	FD6	음식점	음식점 > 한식	02-978-7580	서울 노원구 공릉동 517-65	서울 노원구 동일로182길 29	127.075736289907	37.6231669606038	http://place.map.kakao.com/835492758	27.0	FD6	0.4895416595569531	0.13351215277777778	0.6711877414712396	0.0	0.4186262644830939	1
4	4003	1454313358	Fran	CE7	카페	음식점 > 카페 > 커피전문점	02-777-7777	서울 노원구 공릉동 517-47	서울 노원구 동일로182길 17	127.075104210691	37.6231673646018	http://place.map.kakao.com/1454313358	34.0	CE7	0.4067848328817757	0.3158715277777777	0.6711877414712396	0.0	0.4061178723439733	2
4	4003	16850787	샤넬	AD5	숙박	여행 > 숙박		서울 노원구 공릉동 517-34	서울 노원구 동일로 1042	127.074109637119	37.6231562806032	http://place.map.kakao.com/16850787	120.0	AD5	0.2044766302978429	0.8519951774691359	0.6711877414712396	0.0	0.3972179705128249	3
4	4003	20742225	QT모텔	AD5	숙박	여행 > 숙박 > 여관,모텔	02-974-0088	서울 노원구 공릉동 568-23	서울 노원구 동일로 1035	127.0736106193356	37.62254392170166	http://place.map.kakao.com/20742225	172.0	AD5	0.10278331185988984	0.8519951774691359	0.6711877414712396	0.0	0.32806651397501685	4
4	4003	1706898335	버터키튼	CE7	카페	음식점 > 카페 > 테마카페 > 디저트카페	070-8667-1890	서울 노원구 공릉동 566-41	서울 노원구 동일로182길 36	127.07617805282307	37.62315406241865	http://place.map.kakao.com/1706898335	64.0	CE7	0.18394440879773669	0.3158715277777777	0.6711877414712396	0.0	0.25458638396682676	5
4	4003	26554415	서울정치과의원	HP8	병원	의료,건강 > 병원 > 치과	02-971-7228	서울 노원구 공릉동 567-4	서울 노원구 동일로 1036	127.074362822128	37.6226011132461	http://place.map.kakao.com/26554415	109.0	HP8	0.19749859481563617	0.18228742500000006	0.6711877414712396	0.0	0.2317430457923318	6
4	4003	15755383	가마솥왕족발	FD6	음식점	음식점 > 한식 > 육류,고기 > 족발,보쌈	02-975-6271	서울 노원구 공릉동 566-17	서울 노원구 동일로180길 25	127.07565408393	37.6225282134636	http://place.map.kakao.com/15755383	60.0	FD6	0.2044766302978429	0.13351215277777778	0.6711877414712396	0.0	0.22478204458689904	7
4	4003	1114860504	디에트로	FD6	음식점	음식점 > 양식	010-5591-9944	서울 노원구 공릉동 566-41	서울 노원구 동일로182길 36	127.076144037911	37.6231225498252	http://place.map.kakao.com/1114860504	60.0	FD6	0.2044766302978429	0.13351215277777778	0.6711877414712396	0.0	0.22478204458689904	8
4	4003	16995406	공릉한샘학원	AC5	학원	교육,학문 > 학원 > 보습학원		서울 노원구 공릉동 566-20	서울 노원구 동일로180길 37	127.076288596318	37.6226971905358	http://place.map.kakao.com/16995406	82.0	AC5	0.14193572674833377	0.3072282048611112	0.6711877414712396	0.0	0.2239460826732328	9
4	4003	8163485	화랑지구대	PO3	공공기관	사회,공공기관 > 행정기관 > 경찰서 > 지구대	02-2092-0303	서울 노원구 공릉동 567-18	서울 노원구 동일로 1034	127.074639148241	37.6225360677072	http://place.map.kakao.com/8163485	92.0	PO3	0.23216256062952725	0.04283749999999999	0.6711877414712396	0.0	0.22184656054577767	10
4	4003	17093684	척척정형외과의원	HP8	병원	의료,건강 > 병원 > 정형외과	02-971-2272	서울 노원구 공릉동 567-4	서울 노원구 동일로 1036	127.0743140421318	37.62252906500249	http://place.map.kakao.com/17093684	116.0	HP8	0.17796106720330573	0.18228742500000006	0.6711877414712396	0.0	0.21845752701594712	11
4	4003	1155800281	행운커피	CE7	카페	음식점 > 카페	02-6368-0707	서울 노원구 공릉동 584-2	서울 노원구 동일로180길 24	127.075662985204	37.622369634011	http://place.map.kakao.com/1155800281	77.0	CE7	0.13041455246776984	0.3158715277777777	0.6711877414712396	0.0	0.2181860816624493	12
4	4003	19984155	예스닭강정	FD6	음식점	음식점 > 간식 > 닭강정	010-9327-8008	서울 노원구 공릉동 566-18	서울 노원구 동일로180길 29	127.07582628278797	37.622548825640244	http://place.map.kakao.com/19984155	63.0	FD6	0.18887560283756183	0.13351215277777778	0.6711877414712396	0.0	0.2141733459139079	13
4	4003	1010792397	오월오일	FD6	음식점	음식점 > 간식 > 제과,베이커리		서울 노원구 공릉동 566-40	서울 노원구 동일로180길 37-7	127.076186951216	37.6229936809715	http://place.map.kakao.com/1010792397	64.0	FD6	0.18394440879773669	0.13351215277777778	0.6711877414712396	0.0	0.2108201339668268	14
4	4003	914816864	CBK최영균치과의원	HP8	병원	의료,건강 > 병원 > 치과	02-978-1506	서울 노원구 공릉동 581	서울 노원구 동일로180길 14	127.075310276633	37.6219490986048	http://place.map.kakao.com/914816864	122.0	HP8	0.16276038498847648	0.18228742500000006	0.6711877414712396	0.0	0.20812106310986317	15
4	4003	583674640	문성희피아노	AC5	학원	교육,학문 > 학원	02-976-0893	서울 노원구 공릉동 517-79	서울 노원구 동일로182길 37-25	127.07594080875964	37.623778599353486	http://place.map.kakao.com/583674640	91.0	AC5	0.11455884399268773	0.3072282048611112	0.6711877414712396	0.0	0.20532980239939352	16
4	4003	801481621	커피 싸데펑	CE7	카페	음식점 > 카페		서울 노원구 공릉동 556-21	서울 노원구 동일로182길 37-4	127.076299523164	37.6234134682049	http://place.map.kakao.com/801481621	84.0	CE7	0.10836802322189586	0.3158715277777777	0.6711877414712396	0.0	0.20319444177525497	17
4	4003	17107323	신웅식내과의원	HP8	병원	의료,건강 > 병원 > 내과	02-949-0233	서울 노원구 공릉동 517-31	서울 노원구 동일로 1044	127.074059960219	37.6233220934145	http://place.map.kakao.com/17107323	127.0	HP8	0.15108979464608072	0.18228742500000006	0.6711877414712396	0.0	0.2001850616770341	18
4	4003	1360382782	바이레인	CE7	카페	음식점 > 카페 > 테마카페 > 디저트카페		서울 노원구 공릉동 556-16	서울 노원구 동일로182길 37-6	127.076255453121	37.6235189121808	http://place.map.kakao.com/1360382782	87.0	CE7	0.10009982893661956	0.3158715277777777	0.6711877414712396	0.0	0.1975720696612671	19
4	4003	9921443	안성민치과	HP8	병원	의료,건강 > 병원 > 치과	02-973-8176	서울 노원구 공릉동 567-6	서울 노원구 동일로 1032	127.074376045302	37.6222298981852	http://place.map.kakao.com/9921443	132.0	HP8	0.1402560337259652	0.18228742500000006	0.6711877414712396	0.0	0.19281810425135554	20
4	4004	1335768857	전주콩나물국밥	FD6	음식점	음식점 > 한식 > 국밥		서울 중랑구 묵동 163-1	서울 중랑구 숙선옹주로 3	127.077800611587	37.6159748354017	http://place.map.kakao.com/1335768857	8.0	FD6	0.809255806013739	0.8969444444444445	0.2890648263178878	0.0	0.7886858008614404	1
4	4004	21396312	나는국수다	FD6	음식점	음식점 > 한식 > 국수		서울 중랑구 묵동 163-1	서울 중랑구 숙선옹주로 3	127.077826564859	37.6158811155233	http://place.map.kakao.com/21396312	17.0	FD6	0.6377968586327277	0.8969444444444445	0.2890648263178878	0.0	0.6720937166423526	2
4	4004	19584331	비어킹 묵동점	FD6	음식점	음식점 > 술집 > 호프,요리주점	02-949-1559	서울 중랑구 묵동 166-14	서울 중랑구 중랑역로 265	127.077677344017	37.6161587181951	http://place.map.kakao.com/19584331	17.0	FD6	0.6377968586327277	0.8969444444444445	0.2890648263178878	0.0	0.6720937166423526	3
4	4004	16530630	황해칼국수	FD6	음식점	음식점 > 한식 > 국수 > 칼국수	02-974-8174	서울 중랑구 묵동 163-1	서울 중랑구 숙선옹주로 3	127.07783560350212	37.615859485845476	http://place.map.kakao.com/16530630	19.0	FD6	0.6049282018356529	0.8969444444444445	0.2890648263178878	0.0	0.6497430300203417	4
4	4004	2078890294	24시고깃집	FD6	음식점	음식점 > 한식 > 육류,고기	02-979-3920	서울 중랑구 묵동 163-1	서울 중랑구 숙선옹주로 3	127.077844664682	37.6158594798685	http://place.map.kakao.com/2078890294	20.0	FD6	0.5891346408960774	0.8969444444444445	0.2890648263178878	0.0	0.6390034085814303	5
4	4004	605303632	에고아트	AC5	학원	교육,학문 > 학원 > 미술학원	010-8061-8280	서울 중랑구 묵동 166-38	서울 중랑구 중랑역로 263	127.07738614412023	37.61605439488526	http://place.map.kakao.com/605303632	28.0	AC5	0.513417119032592	0.9918333333333333	0.2890648263178878	0.0	0.6102888270475936	6
4	4004	20577548	춘향골 주차장	PK6	주차장	교통,수송 > 교통시설 > 주차장		서울 중랑구 묵동 190-2		127.078008191369	37.6162666185291	http://place.map.kakao.com/20577548	39.0	PK6	0.4895416595569531	0.26760416666666664	0.2890648263178878	0.0	0.4202385146041591	7
4	4004	11563176	중앙 주택관리사교육원	AC5	학원	교육,학문 > 학원 > 주택관리사학원		서울 중랑구 묵동 163-3	서울 중랑구 중랑역로 272	127.07841123821	37.6160969656385	http://place.map.kakao.com/11563176	62.0	AC5	0.22850653346991975	0.9918333333333333	0.2890648263178878	0.0	0.4165496288649765	8
4	4004	24285972	커피맬러드	CE7	카페	음식점 > 카페		서울 중랑구 묵동 166-5	서울 중랑구 중랑역로53길 3	127.078203185202	37.6164358752323	http://place.map.kakao.com/24285972	64.0	CE7	0.18394440879773669	0.9931944444444445	0.2890648263178878	0.0	0.38657405075455864	9
4	4004	8482750	서울열린치과의원	HP8	병원	의료,건강 > 병원 > 치과	02-973-2875	서울 중랑구 묵동 168-18	서울 중랑구 중랑역로 257	127.07666556286482	37.61584493498415	http://place.map.kakao.com/8482750	93.0	HP8	0.2505921475949822	0.715138888888889	0.2890648263178878	0.0	0.3651611798033523	10
4	4004	1812146751	빽다방 중랑묵동신도점	CE7	카페	음식점 > 카페 > 커피전문점 > 빽다방	02-6956-3594	서울 중랑구 묵동 161-8	서울 중랑구 중랑역로 273	127.07845913711294	37.616408675686806	http://place.map.kakao.com/1812146751	80.0	CE7	0.12046426616215963	0.9931944444444445	0.2890648263178878	0.0	0.34340755376236626	11
4	4004	1118137283	카페 여름방학	CE7	카페	음식점 > 카페	010-5117-7024	서울 중랑구 묵동 162-4	서울 중랑구 중랑역로 274	127.078583540562	37.6162292962748	http://place.map.kakao.com/1118137283	81.0	CE7	0.11731916609425073	0.9931944444444445	0.2890648263178878	0.0	0.3412688857161882	12
4	4004	2078345498	강북제일내과의원	HP8	병원	의료,건강 > 병원 > 내과	02-977-1111	서울 중랑구 묵동 169-12	서울 중랑구 동일로 952	127.07687230585013	37.61532853423108	http://place.map.kakao.com/2078345498	105.0	HP8	0.2096113871510978	0.715138888888889	0.2890648263178878	0.0	0.33729426270151086	13
4	4004	861934495	은채맘도라지청	CE7	카페	음식점 > 카페 > 테마카페 > 디저트카페	010-4965-0253	서울 중랑구 묵동 166-1	서울 중랑구 중랑역로53길 9	127.0780743732702	37.61673328659025	http://place.map.kakao.com/861934495	87.0	CE7	0.10009982893661956	0.9931944444444445	0.2890648263178878	0.0	0.329559736448999	14
4	4004	16558542	미드미치과	HP8	병원	의료,건강 > 병원 > 치과	1800-2875	서울 중랑구 묵동 164-4	서울 중랑구 숙선옹주로 6-9	127.077952416899	37.6149187769985	http://place.map.kakao.com/16558542	122.0	HP8	0.16276038498847648	0.715138888888889	0.2890648263178878	0.0	0.3054355812309284	15
4	4004	17441098	덕제내과의원	HP8	병원	의료,건강 > 병원 > 내과	02-972-7878	서울 중랑구 묵동 162-8	서울 중랑구 공릉로 59	127.07913266630075	37.616029810948774	http://place.map.kakao.com/17441098	125.0	HP8	0.15565409901507976	0.715138888888889	0.2890648263178878	0.0	0.30060330676901864	16
4	4004	9008966	박성택치과의원	HP8	병원	의료,건강 > 병원 > 치과	02-974-2828	서울 중랑구 묵동 308-1	서울 중랑구 공릉로 58	127.079271697224	37.6157612231607	http://place.map.kakao.com/9008966	140.0	HP8	0.12451447144412302	0.715138888888889	0.2890648263178878	0.0	0.27942836002076804	17
4	4004	1056518007	CU ATM 묵동사랑점	BK9	은행	금융,보험 > 금융서비스 > 은행 > ATM		서울 중랑구 묵동 169-21	서울 중랑구 중랑역로 258	127.077015328795	37.6156293710521	http://place.map.kakao.com/1056518007	74.0	BK9	0.17171747122199255	0.43152777777777784	0.2890648263178878	0.0	0.24345973320305264	18
4	4004	830261929	로프트원태릉입구역오피스텔 주차장	PK6	주차장	교통,수송 > 교통시설 > 주차장		서울 중랑구 묵동 169-12	서울 중랑구 동일로 952	127.07713275243951	37.61526980004656	http://place.map.kakao.com/830261929	96.0	PK6	0.172347626373798	0.26760416666666664	0.2890648263178878	0.0	0.20454657203961366	19
4	4004	718583959	우리은행 ATM	BK9	은행	금융,보험 > 금융서비스 > 은행 > ATM		서울 중랑구 묵동 168-18	서울 중랑구 중랑역로 257	127.076665588766	37.6158701626367	http://place.map.kakao.com/718583959	93.0	BK9	0.10923150889627105	0.43152777777777784	0.2890648263178878	0.0	0.20096927882156201	20
4	4004	8024543	우리은행 태릉역금융센터	BK9	은행	금융,보험 > 금융서비스 > 은행 > 우리은행	02-974-5460	서울 중랑구 묵동 168-18	서울 중랑구 중랑역로 257	127.07661117175834	37.61582154460918	http://place.map.kakao.com/8024543	99.0	BK9	0.09469038101854274	0.43152777777777784	0.2890648263178878	0.0	0.19108131186470678	21
4	4004	1654241051	묵동신도브래뉴아파트 주차장	PK6	주차장	교통,수송 > 교통시설 > 주차장		서울 중랑구 묵동 169-18	서울 중랑구 동일로 946	127.077177941583	37.6151571469651	http://place.map.kakao.com/1654241051	105.0	PK6	0.1461565570715425	0.26760416666666664	0.2890648263178878	0.0	0.1867366449140799	22
4	4004	18823874	세븐일레븐 묵동점	CS2	편의점	가정,생활 > 편의점 > 세븐일레븐		서울 중랑구 묵동 166-6	서울 중랑구 중랑역로 271	127.078243885299	37.6163637692052	http://place.map.kakao.com/18823874	61.0	CS2	0.12557778244297021	0.31135416666666665	0.2890648263178878	0.0	0.18324307816665075	23
4	4004	461019487	태릉인	AD5	숙박	여행 > 숙박 > 여관,모텔		서울 중랑구 묵동 233-2	서울 중랑구 동일로 959	127.075812795586	37.6159599114184	http://place.map.kakao.com/461019487	167.0	AD5	0.10981098504160496	0.28103009259259254	0.2890648263178878	0.0	0.1652438781559446	24
4	4004	460218060	르블랑호텔	AD5	숙박	여행 > 숙박 > 여관,모텔	02-978-3005	서울 중랑구 묵동 233-1	서울 중랑구 동일로 961	127.07569748732635	37.61617892556517	http://place.map.kakao.com/460218060	178.0	AD5	0.0949412163184626	0.28103009259259254	0.2890648263178878	0.0	0.1551324354242078	25
4	4005	19537620	CGV 중계	CT1	문화시설	문화,예술 > 영화,영상 > 영화관 > CGV	1544-1122	서울 노원구 중계동 509-2	서울 노원구 동일로204가길 12	127.068773695534	37.6396655720199	http://place.map.kakao.com/19537620	18.0	CT1	0.788127627745311	0.8881944444444444	0.2890648263178878	0.0	0.7722186396389091	1
4	4005	8832530	굿모닝소아청소년과의원	HP8	병원	의료,건강 > 병원 > 소아청소년과	02-977-7530	서울 노원구 중계동 509-2	서울 노원구 동일로204가길 12	127.068628895803	37.6399107241407	http://place.map.kakao.com/8832530	40.0	HP8	0.551431257080004	0.8784722222222223	0.2890648263178878	0.0	0.608931774253167	2
4	4005	17163867	홈플러스 중계점 (폐점)	MT1	대형마트	가정,생활 > 대형마트 > 홈플러스	02-986-2080	서울 노원구 중계동 509-2	서울 노원구 동일로204가길 12	127.068687971734	37.6400836787935	http://place.map.kakao.com/17163867	60.0	MT1	0.45219092239655023	0.7581559444444446	0.2890648263178878	0.0	0.512572440001752	3
4	4005	1816739158	커피베이 홈플러스중계점	CE7	카페	음식점 > 카페 > 커피전문점 > 커피베이	02-976-1681	서울 노원구 중계동 509-2	서울 노원구 동일로204가길 12	127.06866963450675	37.639856641362954	http://place.map.kakao.com/1816739158	34.0	CE7	0.4067848328817757	0.8784722222222223	0.2890648263178878	0.0	0.5105722057983718	4
4	4005	23098062	투썸플레이스 중계CGV스윗바점	CE7	카페	음식점 > 카페 > 커피전문점 > 투썸플레이스	1544-1122	서울 노원구 중계동 509-2	서울 노원구 동일로204가길 12	127.068610774227	37.6399179425569	http://place.map.kakao.com/23098062	41.0	CE7	0.3380180154890435	0.8784722222222223	0.2890648263178878	0.0	0.46381076997131393	5
4	4005	1269408879	노리디지털키즈카페 중계홈플러스점	CE7	카페	가정,생활 > 유아 > 놀이시설 > 키즈카페	010-5298-5700	서울 노원구 중계동 509-2	서울 노원구 동일로204가길 12	127.068804527742	37.6399268395683	http://place.map.kakao.com/1269408879	45.0	CE7	0.30407643128483336	0.8784722222222223	0.2890648263178878	0.0	0.44073049271245107	6
4	4005	26518385	그림나라어린이집	PS3	어린이집,유치원	교육,학문 > 유아교육 > 어린이집	02-948-3169	서울 노원구 하계동 284	서울 노원구 공릉로 351	127.0688127392362	37.63900242455399	http://place.map.kakao.com/26518385	62.0	PS3	0.29224618571560784	0.9052083333333334	0.2890648263178878	0.0	0.43910259239204436	7
4	4005	803000103	하나은행365 구.중계홈플러스지점 ATM	BK9	은행	금융,보험 > 금융서비스 > 은행 > ATM		서울 노원구 중계동 509-2	서울 노원구 동일로204가길 12	127.06865604168	37.6398602532119	http://place.map.kakao.com/803000103	35.0	BK9	0.4345982085070782	0.16770833333333343	0.2890648263178878	0.0	0.3589019678902442	8
4	4005	8554332	캘리포니아치과	HP8	병원	의료,건강 > 병원 > 치과	02-948-2275	서울 노원구 중계동 509-1	서울 노원구 동일로204가길 34	127.068117346562	37.6405381058124	http://place.map.kakao.com/8554332	119.0	HP8	0.17019110379502853	0.8784722222222223	0.2890648263178878	0.0	0.34968847001938375	9
4	4005	321864176	닥터권치과	HP8	병원	의료,건강 > 병원 > 치과	02-6228-2828	서울 노원구 하계동 208-32	서울 노원구 공릉로 360	127.069747353897	37.6388847477377	http://place.map.kakao.com/321864176	122.0	HP8	0.16276038498847648	0.8784722222222223	0.2890648263178878	0.0	0.34463558123092836	10
4	4005	686364641	진내과의원	HP8	병원	의료,건강 > 병원 > 내과	02-949-8278	서울 노원구 중계동 509-1	서울 노원구 동일로204가길 34	127.068235375362	37.6407506699368	http://place.map.kakao.com/686364641	138.0	HP8	0.12827595611188153	0.8784722222222223	0.2890648263178878	0.0	0.3211861695948438	11
4	4005	2132977727	성모바른정형외과의원	HP8	병원	의료,건강 > 병원 > 정형외과	02-2039-7975	서울 노원구 중계동 509-1	서울 노원구 동일로204가길 34	127.06814132025116	37.640735407561785	http://place.map.kakao.com/2132977727	139.0	HP8	0.126381220417673	0.8784722222222223	0.2890648263178878	0.0	0.31989774932278203	12
4	4005	1671329369	홈플러스 중계점 주차장	PK6	주차장	교통,수송 > 교통시설 > 주차장		서울 노원구 중계동 509-2	서울 노원구 동일로204가길 12	127.06859722943388	37.639973811474896	http://place.map.kakao.com/1671329369	48.0	PK6	0.4151477163297397	0.30989583333333326	0.2890648263178878	0.06871138888888889	0.3110892443207651	13
4	4005	17561492	등나무근린공원 2공영주차장	PK6	주차장	교통,수송 > 교통시설 > 주차장 > 공영주차장		서울 노원구 중계동 509-2	서울 노원구 동일로204가길 12	127.068012244443	37.6395903307195	http://place.map.kakao.com/17561492	54.0	PK6	0.3719443662401725	0.30989583333333326	0.2890648263178878	0.06871138888888889	0.2817109662598594	14
4	4005	620683692	우리은행 365코너 중계동지점(점외)	BK9	은행	금융,보험 > 금융서비스 > 은행 > ATM		서울 노원구 중계동 509-2	서울 노원구 동일로204가길 12	127.068687971734	37.6400836787935	http://place.map.kakao.com/620683692	60.0	BK9	0.2396510364417758	0.16770833333333343	0.2890648263178878	0.0	0.2263378908858386	15
4	4005	1847739670	노원평생학습관 주차장	PK6	주차장	교통,수송 > 교통시설 > 주차장		서울 노원구 중계동 508	서울 노원구 동일로204길 13	127.06749282309856	37.639033820489736	http://place.map.kakao.com/1847739670	114.0	PK6	0.1239456534705991	0.30989583333333326	0.2890648263178878	0.06871138888888889	0.11307184157654951	16
4	4006	10040104	상계신경정신과의원	HP8	병원	의료,건강 > 병원 > 정신건강의학과	02-3391-7575	서울 노원구 상계동 730-3	서울 노원구 동일로 1379	127.060934110977	37.6517935180117	http://place.map.kakao.com/10040104	28.0	HP8	0.6592406302004438	0.8823611111111112	0.2890648263178878	0.0	0.6831754813083994	1
4	4006	1134877258	바른최치과	HP8	병원	의료,건강 > 병원 > 치과	02-931-7405	서울 노원구 상계동 730-3	서울 노원구 동일로 1379	127.060894458033	37.6518043502801	http://place.map.kakao.com/1134877258	29.0	HP8	0.6495031330811563	0.8823611111111112	0.2890648263178878	0.0	0.6765539832672839	2
4	4006	16646754	방대홍 영상의학과의원	HP8	병원	의료,건강 > 병원 > 영상의학과	02-931-6000	서울 노원구 상계동 730-3	서울 노원구 동일로 1379	127.060888792065	37.6518043532047	http://place.map.kakao.com/16646754	29.0	HP8	0.6495031330811563	0.8823611111111112	0.2890648263178878	0.0	0.6765539832672839	3
4	4006	9514117	최진수안과의원	HP8	병원	의료,건강 > 병원 > 안과	02-933-2977	서울 노원구 상계동 730-3	서울 노원구 동일로 1379	127.06090691139	37.6517899281268	http://place.map.kakao.com/9514117	30.0	HP8	0.6399094663718956	0.8823611111111112	0.2890648263178878	0.0	0.6700302899049867	4
4	4006	8195600	권오민마취통증의학과의원	HP8	병원	의료,건강 > 병원 > 통증클리닉	02-931-5111	서울 노원구 상계동 730-3	서울 노원구 동일로 1379	127.06091706523613	37.65173496293483	http://place.map.kakao.com/8195600	35.0	HP8	0.5940253205536351	0.8823611111111112	0.2890648263178878	0.0	0.6388290707485696	5
4	4006	1748737555	더벤티 상계사거리점	CE7	카페	음식점 > 카페 > 커피전문점 > 더벤티	02-931-8800	서울 노원구 상계동 730-3	서울 노원구 동일로 1379	127.0609126619876	37.651893538170306	http://place.map.kakao.com/1748737555	20.0	CE7	0.5891346408960774	0.8823611111111112	0.2890648263178878	0.0	0.6355034085814303	6
4	4006	95719042	더빵	FD6	음식점	음식점 > 간식 > 제과,베이커리	070-5015-4431	서울 노원구 상계동 730-2	서울 노원구 동일로 1383	127.06087886105	37.6521323160433	http://place.map.kakao.com/95719042	18.0	FD6	0.6211451576154515	0.768611111111111	0.2890648263178878	0.0	0.6299705599506047	7
4	4006	431778599	노원디앤에이미술학원	AC5	학원	교육,학문 > 학원 > 미술학원		서울 노원구 상계동 730-3	서울 노원구 동일로 1379	127.06089332484	37.651804350865	http://place.map.kakao.com/431778599	29.0	AC5	0.5013372801778907	0.9288333333333334	0.2890648263178878	0.0	0.5869545366263967	8
4	4006	274182525	애니포스만화학원 노원캠퍼스	AC5	학원	교육,학문 > 학원 > 애니메이션학원,만화학원	02-930-6070	서울 노원구 상계동 730-3	서울 노원구 동일로 1379	127.06089332484	37.651804350865	http://place.map.kakao.com/274182525	29.0	AC5	0.5013372801778907	0.9288333333333334	0.2890648263178878	0.0	0.5869545366263967	9
4	4006	22758159	쏠미술학원	AC5	학원	교육,학문 > 학원 > 미술학원		서울 노원구 상계동 730-3	서울 노원구 동일로 1379	127.060879723574	37.6518007539539	http://place.map.kakao.com/22758159	30.0	AC5	0.4895416595569531	0.9288333333333334	0.2890648263178878	0.0	0.5789335146041591	10
4	4006	1464349031	한우주막 고친외양간 노원점	FD6	음식점	음식점 > 한식 > 육류,고기	02-930-8005	서울 노원구 상계동 730-3	서울 노원구 동일로 1379	127.060894458033	37.6518043502752	http://place.map.kakao.com/1464349031	29.0	FD6	0.46431328695201113	0.768611111111111	0.2890648263178878	0.0	0.5233248878994653	11
4	4006	37650859	PK독학재수학원 노원점	AC5	학원	교육,학문 > 학원 > 입시학원	02-951-0197	서울 노원구 상계동 728-7	서울 노원구 동일로 1382	127.061555263118	37.6519896097696	http://place.map.kakao.com/37650859	45.0	AC5	0.34251885509304564	0.9288333333333334	0.2890648263178878	0.0	0.4789580075687021	12
4	4006	1290634345	써니펍	FD6	음식점	음식점 > 술집 > 호프,요리주점	02-937-3331	서울 노원구 상계동 730-2	서울 노원구 동일로 1383	127.060676044887	37.6521648559169	http://place.map.kakao.com/1290634345	35.0	FD6	0.3961644302820655	0.768611111111111	0.2890648263178878	0.0	0.47698366536390224	13
4	4006	1213286197	빛나라김밥 노원점	FD6	음식점	음식점 > 분식	02-6941-1126	서울 노원구 상계동 730-2	서울 노원구 동일로 1383	127.060660184497	37.6521702699648	http://place.map.kakao.com/1213286197	37.0	FD6	0.37574822327523827	0.768611111111111	0.2890648263178878	0.0	0.4631006445992597	14
4	4006	940814716	청춘남원추어탕	FD6	음식점	음식점 > 한식 > 해물,생선 > 추어	02-939-8484	서울 노원구 상계동 730-2	서울 노원구 동일로 1383	127.060665744429	37.6521791868395	http://place.map.kakao.com/940814716	37.0	FD6	0.37574822327523827	0.768611111111111	0.2890648263178878	0.0	0.4631006445992597	15
4	4006	912103684	저스트체대입시 노원교육원	AC5	학원	교육,학문 > 학원 > 입시학원	010-3333-2793	서울 노원구 상계동 730-4	서울 노원구 동일로215길 2	127.060970169862	37.6515448281315	http://place.map.kakao.com/912103684	55.0	AC5	0.269948572722522	0.9288333333333334	0.2890648263178878	0.0	0.429610215556746	16
4	4006	2061617813	참말로친절한 약국	PM9	약국	의료,건강 > 약국	02-932-1186	서울 노원구 상계동 728-7	서울 노원구 동일로 1382	127.06150763542736	37.651949090393416	http://place.map.kakao.com/2061617813	42.0	PM9	0.32919298780790557	0.5963612916666667	0.2890648263178878	0.0	0.3901031278148068	17
4	4006	10351594	롯데슈퍼프레시 상계7동점	MT1	대형마트	가정,생활 > 슈퍼마켓 > 대형슈퍼 > 롯데슈퍼프레시	02-938-5602	서울 노원구 상계동 749-9	서울 노원구 동일로 1372	127.06177548351138	37.65108058320631	http://place.map.kakao.com/10351594	124.0	MT1	0.19393899265771722	0.9406944444444445	0.2890648263178878	0.0	0.3807703677793454	18
4	4006	688565760	CU 상계3단지점	CS2	편의점	가정,생활 > 편의점 > CU		서울 노원구 상계동 730-3	서울 노원구 동일로 1379	127.060879723574	37.6518007539539	http://place.map.kakao.com/688565760	30.0	CS2	0.360447788597821	0.2632291666666666	0.2890648263178878	0.0	0.3314046823519493	19
4	4006	689015387	메가MGC커피 상계주공6단지점	CE7	카페	음식점 > 카페 > 커피전문점 > 메가MGC커피	02-6956-1294	서울 노원구 상계동 728-3	서울 노원구 동일로 1390	127.061329224012	37.6527195234702	http://place.map.kakao.com/689015387	79.0	CE7	0.12369368028348768	0.8823611111111112	0.2890648263178878	0.0	0.3190035553648693	20
4	4006	836189562	노원하나약국	PM9	약국	의료,건강 > 약국	02-933-4031	서울 노원구 상계동 730-4	서울 노원구 동일로215길 2	127.060929357366	37.6515232256302	http://place.map.kakao.com/836189562	58.0	PM9	0.21558682844018062	0.5963612916666667	0.2890648263178878	0.0	0.31285093944475384	21
4	4006	916313054	보룡약국	PM9	약국	의료,건강 > 약국	02-979-6000	서울 노원구 상계동 728-5	서울 노원구 동일로 1380	127.06157770385887	37.651719303236	http://place.map.kakao.com/916313054	58.0	PM9	0.21558682844018062	0.5963612916666667	0.2890648263178878	0.0	0.31285093944475384	22
4	4006	8027693	우리은행 상계동지점	BK9	은행	금융,보험 > 금융서비스 > 은행 > 우리은행	02-937-0051	서울 노원구 상계동 746	서울 노원구 동일로 1373	127.06108321430477	37.65120960403415	http://place.map.kakao.com/8027693	92.0	BK9	0.11186346761447095	0.7247418111111112	0.2890648263178878	0.0	0.27313037874993795	23
4	4006	1592758126	우리은행 ATM	BK9	은행	금융,보험 > 금융서비스 > 은행 > ATM		서울 노원구 상계동 746	서울 노원구 동일로 1373	127.06104010093146	37.651145656566605	http://place.map.kakao.com/1592758126	99.0	BK9	0.09469038101854274	0.7247418111111112	0.2890648263178878	0.0	0.26145267986470677	24
4	4007	9108449	서울과학기술대학교	SC4	학교	교육,학문 > 학교 > 대학교	02-970-6114	서울 노원구 공릉동 172	서울 노원구 공릉로 232	127.08027896385352	37.631881000815284	http://place.map.kakao.com/9108449	74.0	SC4	0.37574822327523827	0.9755	0.2890648263178878	0.0	0.512753977932593	1
4	4007	238464373	KB국민은행ATM 서울과학기술대학교 본관	BK9	은행	금융,보험 > 금융서비스 > 은행 > ATM	02-3296-5082	서울 노원구 공릉동 172	서울 노원구 공릉로 232	127.080222319325	37.6318810393419	http://place.map.kakao.com/238464373	72.0	BK9	0.1800923121479524	0.22281388888888873	0.2890648263178878	0.0	0.19906329169937195	2
4	4008	21413240	휘드카페 공릉점	CE7	카페	음식점 > 카페	02-949-5020	서울 노원구 공릉동 434-2	서울 노원구 동일로198길 78	127.07575874690441	37.62966846536175	http://place.map.kakao.com/21413240	13.0	CE7	0.7089889457372542	0.9737500000000001	0.2890648263178878	0.0	0.738937669206764	1
4	4008	26555618	유니온커피로스터	CE7	카페	음식점 > 카페 > 커피전문점	010-7400-5007	서울 노원구 공릉동 434-3	서울 노원구 동일로198길 72	127.075412069868	37.629646162789	http://place.map.kakao.com/26555618	18.0	CE7	0.6211451576154515	0.9737500000000001	0.2890648263178878	0.0	0.679203893283938	2
4	4008	1556755640	카페 써밋	CE7	카페	음식점 > 카페 > 커피전문점		서울 노원구 공릉동 437-4	서울 노원구 공릉로 229-1	127.075968138384	37.6294845295695	http://place.map.kakao.com/1556755640	38.0	CE7	0.3659381293761164	0.9737500000000001	0.2890648263178878	0.0	0.5056631140811902	3
4	4008	16051542	장터솥단지삼겹살	FD6	음식점	음식점 > 한식 > 육류,고기	0504-1400-5251	서울 노원구 공릉동 435-2	서울 노원구 공릉로 231	127.075996697355	37.6297178665768	http://place.map.kakao.com/16051542	34.0	FD6	0.4067848328817757	0.6888958333333332	0.2890648263178878	0.0	0.46507387246503845	4
4	4008	761210655	서울동산고등학교	SC4	학교	교육,학문 > 학교 > 고등학교 > 특성화고등학교	02-971-0903	서울 노원구 공릉동 481-3	서울 노원구 공릉로 257	127.07490513779516	37.63023212662394	http://place.map.kakao.com/761210655	87.0	SC4	0.3163855700511949	0.8915	0.2890648263178878	0.0	0.4522273737402436	5
4	4008	1516382738	올스톤커피하우스	CE7	카페	음식점 > 카페		서울 노원구 공릉동 437-4	서울 노원구 공릉로 229-1	127.07613238112	37.629463701029	http://place.map.kakao.com/1516382738	51.0	CE7	0.2594460885514357	0.9737500000000001	0.2890648263178878	0.0	0.43324852632040733	6
4	4008	110917805	밥은화 과기대점	FD6	음식점	음식점 > 한식		서울 노원구 공릉동 437-4	서울 노원구 공릉로 229-1	127.075946521553	37.6293935438873	http://place.map.kakao.com/110917805	43.0	FD6	0.3205983653418867	0.6888958333333332	0.2890648263178878	0.0	0.4064670745379139	7
4	4008	1945697503	응급실국물떡볶이 서울공릉점	FD6	음식점	음식점 > 분식 > 떡볶이 > 응급실국물떡볶이	02-949-1191	서울 노원구 공릉동 435-2	서울 노원구 공릉로 231	127.07612249511806	37.62976733971978	http://place.map.kakao.com/1945697503	46.0	FD6	0.296137555839429	0.6888958333333332	0.2890648263178878	0.0	0.3898337240762427	8
4	4008	139212943	샹츠마라 공릉점	FD6	음식점	음식점 > 중식 > 중국요리 > 샹츠마라	02-979-8285	서울 노원구 공릉동 437-4	서울 노원구 공릉로 229-1	127.07613238111934	37.62946370102377	http://place.map.kakao.com/139212943	51.0	FD6	0.2594460885514357	0.6888958333333332	0.2890648263178878	0.0	0.3648835263204072	9
4	4008	27404804	아이엠돈까스	FD6	음식점	음식점 > 일식 > 돈까스,우동	02-976-0316	서울 노원구 공릉동 431-2	서울 노원구 동일로198길 64	127.07507092500767	37.62949231170659	http://place.map.kakao.com/27404804	52.0	FD6	0.2526724291359257	0.6888958333333332	0.2890648263178878	0.0	0.3602774379178605	10
4	4008	27087656	공차 서울과기대점	CE7	카페	음식점 > 카페 > 공차	02-977-5856	서울 노원구 공릉동 438-2	서울 노원구 공릉로 227	127.076449563623	37.6294472781973	http://place.map.kakao.com/27087656	78.0	CE7	0.12700966875503003	0.9737500000000001	0.2890648263178878	0.0	0.34319176085885145	11
4	4008	1001378553	CU 서울과기대점 ATM	BK9	은행	금융,보험 > 금융서비스 > 은행 > ATM		서울 노원구 공릉동 437-2	서울 노원구 공릉로 229	127.07640779284921	37.62958876006692	http://place.map.kakao.com/1001378553	71.0	BK9	0.18443167847025324	0.22312500000000005	0.2890648263178878	0.0	0.20208872746520323	12
4	4008	1342794492	공릉행복주택아파트 지하주차장	PK6	주차장	교통,수송 > 교통시설 > 주차장		서울 노원구 공릉동 429-12		127.075932157346	37.6286367247381	http://place.map.kakao.com/1342794492	119.0	PK6	0.11309951552281072	0.2821874999999999	0.2890648263178878	0.09008333333333335	0.07767452332760894	13
4	4009	27322801	바우네수제왕돈까스	FD6	음식점	음식점 > 일식 > 돈까스,우동	02-973-9431	서울 노원구 공릉동 172-4	서울 노원구 공릉로 239	127.07584790178804	37.63044776099578	http://place.map.kakao.com/27322801	9.0	FD6	0.788127627745311	0.9163888888888891	0.2890648263178878	0.0	0.7789853063055759	1
4	4009	21305214	온달네	FD6	음식점	음식점 > 한식 > 국수	02-976-0622	서울 노원구 공릉동 461-1	서울 노원구 공릉로 235	127.075707369374	37.6303919901196	http://place.map.kakao.com/21305214	23.0	FD6	0.5441852219965451	0.9163888888888891	0.2890648263178878	0.0	0.6131044703964151	2
4	4009	1560569242	교촌치킨 공릉2호점	FD6	음식점	음식점 > 치킨 > 교촌치킨	02-975-9991	서울 노원구 공릉동 461-1	서울 노원구 공릉로 235	127.07599033870486	37.63014854200043	http://place.map.kakao.com/1560569242	34.0	FD6	0.4067848328817757	0.9163888888888891	0.2890648263178878	0.0	0.5196722057983719	3
4	4009	910350145	닭도리로	FD6	음식점	음식점 > 한식 > 육류,고기 > 닭요리	02-972-9289	서울 노원구 공릉동 462-5	서울 노원구 공릉로 245	127.075551146674	37.6305038125082	http://place.map.kakao.com/910350145	35.0	FD6	0.3961644302820655	0.9163888888888891	0.2890648263178878	0.0	0.512450332030569	4
4	4009	1138831141	서울테크어린이집	PS3	어린이집,유치원	교육,학문 > 유아교육 > 어린이집	02-972-1156	서울 노원구 공릉동 172	서울 노원구 공릉로 232	127.07631159249347	37.63078713371108	http://place.map.kakao.com/1138831141	47.0	PS3	0.39355294055912554	0.5852749999999998	0.2890648263178878	0.0	0.4312071856856363	5
4	4009	26518032	맥도날드 과학기술대점	FD6	음식점	음식점 > 패스트푸드 > 맥도날드	02-6011-1300	서울 노원구 공릉동 435-2	서울 노원구 공릉로 231	127.076291347229	37.6298221908143	http://place.map.kakao.com/26518032	77.0	FD6	0.13041455246776984	0.9163888888888891	0.2890648263178878	0.0	0.33174041511684793	6
4	4009	761210655	서울동산고등학교	SC4	학교	교육,학문 > 학교 > 고등학교 > 특성화고등학교	02-971-0903	서울 노원구 공릉동 481-3	서울 노원구 공릉로 257	127.07490513779516	37.63023212662394	http://place.map.kakao.com/761210655	96.0	SC4	0.2808762017642816	0.4111851851851852	0.2890648263178878	0.0	0.31280544774958696	7
4	4010	9751124	노원문화원	CT1	문화시설	문화,예술 > 문화시설 > 문화원	02-6380-0022	서울 노원구 공릉동 710	서울 노원구 동일로197길 24	127.069814964677	37.6288026802774	http://place.map.kakao.com/9751124	55.0	CT1	0.48310887941542097	0.8217604166666668	0.2890648263178878	0.0	0.5488617241079173	1
4	4010	8375372	서울용원초등학교	SC4	학교	교육,학문 > 학교 > 초등학교	02-948-5302	서울 노원구 공릉동 709	서울 노원구 섬밭로 144	127.0687757609795	37.629614178153204	http://place.map.kakao.com/8375372	76.0	SC4	0.3659381293761164	0.9813333333333333	0.2890648263178878	0.0	0.5074831140811902	2
4	4010	10636662	예인치과의원	HP8	병원	의료,건강 > 병원 > 치과	02-977-2828	서울 노원구 공릉동 312-3	서울 노원구 동일로197길 23	127.070072864027	37.6283880737127	http://place.map.kakao.com/10636662	107.0	HP8	0.2034648726923105	0.6605194444444445	0.2890648263178878	0.0	0.3200059662028688	3
4	4010	10662008	연세키즈소아청소년과의원	HP8	병원	의료,건강 > 병원 > 소아청소년과	02-973-3455	서울 노원구 공릉동 727	서울 노원구 섬밭로 134	127.069316017907	37.6282695905577	http://place.map.kakao.com/10662008	109.0	HP8	0.19749859481563617	0.6605194444444445	0.2890648263178878	0.0	0.3159488972467303	4
4	4010	8373180	공릉서울치과의원	HP8	병원	의료,건강 > 병원 > 치과	02-973-2864	서울 노원구 공릉동 312-4	서울 노원구 동일로197길 21	127.0702337456485	37.628407799759245	http://place.map.kakao.com/8373180	112.0	HP8	0.18887560283756186	0.6605194444444445	0.2890648263178878	0.0	0.3100852627016398	5
4	4010	2018435665	동아의원	HP8	병원	의료,건강 > 병원 > 내과	02-962-9240	서울 노원구 공릉동 312-4	서울 노원구 동일로197길 21	127.07022468124818	37.62840600318171	http://place.map.kakao.com/2018435665	112.0	HP8	0.18887560283756186	0.6605194444444445	0.2890648263178878	0.0	0.3100852627016398	6
4	4010	1484708353	롯데ATM 세븐일레븐 공릉라이프	BK9	은행	금융,보험 > 금융서비스 > 은행 > ATM		서울 노원구 공릉동 708		127.069856482411	37.6295883156596	http://place.map.kakao.com/1484708353	48.0	BK9	0.31890655732397044	0.1983333333333334	0.2890648263178878	0.0	0.287581645085731	7
4	4010	1926517637	서울미르한방병원	HP8	병원	의료,건강 > 병원 > 한방병원	02-949-1075	서울 노원구 공릉동 323-2	서울 노원구 동일로197길 11	127.070643930259	37.628510267329	http://place.map.kakao.com/1926517637	128.0	HP8	0.14885808080333315	0.6605194444444445	0.2890648263178878	0.0	0.28287334771836425	8
4	4010	1446310536	플레이팩토 공릉 풍림	AC5	학원	교육,학문 > 학원 > 수학학원 > 플레이팩토	010-4994-9819	서울 노원구 공릉동 727	서울 노원구 섬밭로 134	127.069335382415	37.628384004438	http://place.map.kakao.com/1446310536	96.0	AC5	0.10170139230422684	0.6732048611111112	0.2890648263178878	0.0	0.25385129953897195	9
4	4010	10384970	본죽&비빔밥cafe 공릉점	FD6	음식점	음식점 > 퓨전요리 > 퓨전한식 > 본죽&비빔밥cafe	02-976-6280	서울 노원구 공릉동 727	서울 노원구 섬밭로 134	127.06944305649168	37.62844250523302	http://place.map.kakao.com/10384970	89.0	FD6	0.0949412163184626	0.2605555555555555	0.2890648263178878	0.0	0.1502185465353189	10
4	4010	87486866	노원문화원 주차장	PK6	주차장	교통,수송 > 교통시설 > 주차장		서울 노원구 공릉동 710		127.069988381073	37.6288998840559	http://place.map.kakao.com/87486866	56.0	PK6	0.35856654137319055	0.33833333333333326	0.2890648263178878	0.25	0.09815043423920061	11
4	4010	1861415207	공릉풍림아파트 B상가주차장	PK6	주차장	교통,수송 > 교통시설 > 주차장		서울 노원구 공릉동 727	서울 노원구 섬밭로 134	127.069660756604	37.6286514057276	http://place.map.kakao.com/1861415207	67.0	PK6	0.2931396310181003	0.33833333333333326	0.2890648263178878	0.25	0.05366013519773921	12
4	4010	21850513	공릉동충전소	OL7	주유소,충전소	교통,수송 > 자동차 > 주유,가스 > LPG충전소 > SK LPG충전소	02-972-2254	서울 노원구 공릉동 711-1	서울 노원구 동일로 1113	127.07084501843222	37.629116510499045	http://place.map.kakao.com/21850513	118.0	OL7	0.096205395051185	0.33833333333333326	0.2890648263178878	0.25	0.0	13
