userid	checkintime	venueid	venuetype	x	y	context_type	context_level	context_confidence	kakao_place_id	kakao_category_code
1	2026-07-30 10:42:31.155000+09:00	1001	거주지	962604.863775927	1958649.8696692763	HOME	home	1.0		
1	2026-07-30 20:19:51.500000+09:00	1001	거주지	962605.8536038558	1958641.5332894088	HOME	home	1.0		
1	2026-07-31 13:43:44.517000+09:00	1004	병원	958202.3111984074	1944466.5569092147	CATEGORY	category	0.534226	403206403	HP8
1	2026-07-31 16:53:07.786000+09:00	1001	거주지	962607.8785247745	1958637.404281076	HOME	home	1.0		
1	2026-08-02 16:32:36.500000+09:00	1003	주차	954407.4432790474	1946563.7783240688	CATEGORY	category	0.129441	517730385	PK6
1	2026-08-02 19:34:50.001000+09:00	1001	거주지	962602.3495703116	1958631.7036477935	HOME	home	1.0		
1	2026-08-03 17:54:18.501000+09:00	1002	식사	962548.097282824	1958580.779688104	POI	exact_poi	0.505588	1076582172	FD6
2	2026-07-30 10:26:02+09:00	2002	거주지	962787.4896646758	1958223.807334528	HOME	home	1.0		
2	2026-07-31 01:47:07+09:00	2002	거주지	962785.2023384484	1958226.4695159232	HOME	home	1.0		
2	2026-07-31 19:23:50+09:00	2004	카페	957597.7704254488	1956816.6818419225	CATEGORY	category	0.59117	348975489	CE7
2	2026-08-01 10:13:56+09:00	2001	카페	929792.1333100687	1947837.1895148293	POI	exact_poi	0.912358	16483069	CE7
2	2026-08-01 13:40:56+09:00	2001	카페	929823.4382842398	1947817.2133808811	POI	exact_poi	0.912358	16483069	CE7
2	2026-08-01 15:48:47+09:00	2001	카페	929810.362190001	1947822.6498731405	POI	exact_poi	0.912358	16483069	CE7
2	2026-08-01 19:53:14+09:00	2003	교육	922628.7441958472	1947854.3266656136	CATEGORY	category	0.466431	1427545976	AC5
2	2026-08-02 11:24:19+09:00	2001	카페	929810.241408241	1947826.4437728375	POI	exact_poi	0.912358	16483069	CE7
2	2026-08-02 15:42:08+09:00	2001	카페	929803.3782420402	1947848.961241857	POI	exact_poi	0.912358	16483069	CE7
2	2026-08-02 18:27:15+09:00	2001	카페	929807.034515627	1947796.0049494847	POI	exact_poi	0.912358	16483069	CE7
3	2026-07-30 10:31:12+09:00	3006	보육·유아교육	964864.9253616396	1869237.481153089	CATEGORY	category	0.250285	759296808	PS3
3	2026-07-30 12:49:03.501000+09:00	3002	카페	964934.6506883414	1869216.92502816	CATEGORY	category	0.318058	1714102933	CE7
3	2026-07-30 20:08:36.026000+09:00	3001	거주지	964807.625516989	1869293.8511357948	HOME	home	1.0		
3	2026-07-30 21:21:04+09:00	3001	거주지	964805.3899825164	1869295.4244666372	HOME	home	1.0		
3	2026-07-31 19:08:22.001000+09:00	3005	식사	965194.1001194302	1869144.1140823248	CATEGORY	category	0.435877	1842698781	FD6
3	2026-07-31 20:14:37.999000+09:00	3002	카페	964937.4987959432	1869222.5878311065	CATEGORY	category	0.318058	1714102933	CE7
3	2026-08-03 12:54:05.472000+09:00	3004	카페	964972.1714752924	1867094.146262643	POI	exact_poi	0.77685	1592384718	CE7
3	2026-08-03 13:42:43.500000+09:00	3003	카페	964935.2208170402	1867038.988427949	POI	exact_poi	0.644035	844291670	CE7
4	2026-07-29 01:14:57.827000+09:00	4003	식사	962544.1497175643	1958269.8674414589	CATEGORY	category	0.304679	835492758	FD6
4	2026-07-29 09:36:19+09:00	4002	학교	962879.7921011376	1959288.8271926048	CATEGORY	category	0.319896	9108449	SC4
4	2026-07-29 13:16:36+09:00	4010	문화생활	962015.1524161346	1958952.4066438477	CATEGORY	category	0.411646	9751124	CT1
4	2026-07-29 18:17:51+09:00	4009	식사	962584.0608005442	1959085.1325624927	POI	exact_poi	0.795119	27322801	FD6
4	2026-07-29 19:23:56+09:00	4002	학교	962869.2352223364	1959335.8888337745	CATEGORY	category	0.319896	9108449	SC4
4	2026-07-29 23:14:06+09:00	4003	식사	962539.646822816	1958262.352325919	CATEGORY	category	0.304679	835492758	FD6
4	2026-07-30 09:33:41.500000+09:00	4008	카페	962553.0082450596	1958998.5191794403	POI	exact_poi	0.598052	21413240	CE7
4	2026-07-30 12:04:46+09:00	4001	거주지	962724.4301578476	1958708.9726497	HOME	home	1.0		
4	2026-07-30 13:59:13+09:00	4002	학교	962863.2211473476	1959325.80547086	CATEGORY	category	0.319896	9108449	SC4
4	2026-07-30 15:28:29+09:00	4002	학교	962877.1875996428	1959295.0995612775	CATEGORY	category	0.319896	9108449	SC4
4	2026-07-30 18:31:45.500000+09:00	4001	거주지	962746.5350117328	1958667.932210961	HOME	home	1.0		
4	2026-07-31 13:21:10+09:00	4007	학교	962929.5731701148	1959305.616995982	CATEGORY	category	0.384565	9108449	SC4
4	2026-07-31 15:19:11+09:00	4002	학교	962873.5040383096	1959283.658784258	CATEGORY	category	0.319896	9108449	SC4
4	2026-07-31 17:01:05.501000+09:00	4006	병원	961279.6678010796	1961484.6593945976	CATEGORY	category	0.475154	10040104	HP8
4	2026-07-31 18:52:36+09:00	4003	식사	962534.156976437	1958262.748987256	CATEGORY	category	0.304679	835492758	FD6
4	2026-07-31 22:24:14.500000+09:00	4001	거주지	962754.6854912564	1958667.9128637323	HOME	home	1.0		
4	2026-08-01 17:05:04+09:00	4005	문화생활	961941.8978782992	1960095.4312199347	POI	exact_poi	0.786368	19537620	CT1
4	2026-08-01 19:53:26.500000+09:00	4004	식사	962731.5122474564	1957480.3798763896	POI	exact_poi	0.722854	1335768857	FD6
4	2026-08-01 21:41:01.500000+09:00	4001	거주지	962708.5112375836	1958758.6631976888	HOME	home	1.0		
4	2026-08-01 22:27:20+09:00	4003	식사	962530.5358432796	1958255.3045643824	CATEGORY	category	0.304679	835492758	FD6
4	2026-08-02 16:11:15.500000+09:00	4001	거주지	962741.2724991055	1958725.9429087967	HOME	home	1.0		
4	2026-08-03 13:53:38.011000+09:00	4002	학교	962866.2290389924	1959297.839483695	CATEGORY	category	0.319896	9108449	SC4
4	2026-08-03 18:16:16.500000+09:00	4001	거주지	962739.4612475848	1958710.7065768763	HOME	home	1.0		
