gps_id,subject_id,latitude,longitude,measured_at,dayofweek
3,2,36.8205900973267,127.105747479076,2026-07-30 02:34:42.481615,null
4,2,36.8205900799417,127.105747475603,2026-07-30 02:36:18.04836,null
5,2,36.8208433991563,127.105718713789,2026-07-30 02:53:02.740095,null
6,2,36.8208700013404,127.105861769525,2026-07-31 01:02:29.809849,null
7,2,37.6280253937901,127.078137588596,2026-07-31 01:13:04.918814,null
8,2,37.6280253937901,127.078137588596,2026-07-31 01:15:40.008213,null
9,2,37.628062,127.078167,2026-07-31 01:42:49.073122,null
10,2,37.6280318895597,127.078142303032,2026-07-31 01:43:09.73711,null
11,2,37.6280253937901,127.078137588596,2026-07-31 01:43:23.797151,null
12,2,37.6280253937901,127.078137588596,2026-07-31 01:43:38.363449,null
13,2,35.1595,126.8526,2026-07-31 01:49:40.442078,null
14,2,35.1595,126.8526,2026-07-31 01:50:22.018652,null
15,2,36.8208562499682,127.105834740482,2026-07-31 01:52:38.754922,null
16,2,36.8208172995884,127.105714152684,2026-07-31 02:04:26.697809,null
23,3,35.2746,126.5102,2026-08-04 07:04:12.444081,null
46,3,37.6228154,127.0784072,2026-08-11 10:46:04.673964,day_1
47,3,37.6228132,127.0784176,2026-08-11 10:51:05.853972,day_1
48,3,37.6228119,127.0784189,2026-08-11 10:56:07.18829,day_1
49,3,37.6228205,127.078433,2026-08-11 11:01:08.718061,day_1
50,3,37.6228215,127.0784366,2026-08-11 11:06:09.989573,day_1
51,3,37.6228191,127.078434,2026-08-11 11:07:52.990666,day_1
52,3,37.6228102,127.0783942,2026-08-11 11:12:52.231948,day_1
53,3,37.6228126,127.0784032,2026-08-11 11:17:53.334187,day_1
54,3,37.6228126,127.0784032,2026-08-11 11:24:36.893934,day_1
55,3,37.6228265,127.0784418,2026-08-11 11:29:38.098577,day_1
56,3,37.6228173,127.0784476,2026-08-11 11:34:39.023329,day_1
57,3,37.6228109,127.0784152,2026-08-11 11:39:41.111011,day_1
58,3,37.6228111,127.078445,2026-08-11 11:44:42.455833,day_1
59,3,37.6228115,127.0784435,2026-08-11 11:49:44.963582,day_1
60,3,37.6228133,127.0784433,2026-08-11 11:54:46.334124,day_1
61,3,37.622814,127.0784362,2026-08-11 11:59:49.182775,day_1
62,3,37.6228145,127.0784414,2026-08-11 12:04:50.28432,day_1
63,3,37.622818,127.0784294,2026-08-11 12:09:52.379993,day_1
64,3,37.6228158,127.0784196,2026-08-11 12:14:54.049661,day_1
65,3,37.6228192,127.0784195,2026-08-11 12:19:55.625547,day_1
66,3,37.6228138,127.0784304,2026-08-11 12:24:56.289146,day_1
67,3,37.6228126,127.0784373,2026-08-11 12:29:57.456332,day_1
68,3,37.6228119,127.0784292,2026-08-11 12:34:58.989274,day_1
69,3,37.6228172,127.0784157,2026-08-11 12:40:00.371727,day_1
70,3,37.6228169,127.0783964,2026-08-11 12:45:02.879105,day_1
71,3,37.6228131,127.0784386,2026-08-11 12:50:04.530556,day_1
72,3,37.6228112,127.078424,2026-08-11 12:55:06.987075,day_1
73,3,37.622813,127.0784408,2026-08-11 13:00:08.561831,day_1
74,3,37.6228133,127.0784429,2026-08-11 13:05:10.967036,day_1
75,3,37.6228138,127.0784417,2026-08-11 13:10:12.278087,day_1
76,3,37.6228143,127.0784442,2026-08-11 13:19:12.917857,day_1
77,3,37.6228199,127.07844,2026-08-11 13:28:13.143726,day_1
78,3,37.6228205,127.0784275,2026-08-11 13:37:15.212296,day_1
79,3,37.6228274,127.0784531,2026-08-11 13:46:15.471593,day_1
80,3,37.6228239,127.0784541,2026-08-11 13:55:16.756905,day_1
81,3,37.6228277,127.0784513,2026-08-11 14:04:16.050134,day_1
82,3,37.6228286,127.0784521,2026-08-11 14:09:42.664115,day_1
83,3,37.6228186,127.0784108,2026-08-11 14:19:28.168263,day_1
84,3,37.6228187,127.0784165,2026-08-11 14:28:05.028136,day_1
85,3,37.622819,127.0784479,2026-08-11 14:33:06.145424,day_1
86,3,37.6228178,127.0784387,2026-08-11 14:42:07.74557,day_1
87,3,37.6228236,127.0784527,2026-08-11 14:51:08.318393,day_1
88,3,37.6228249,127.0784528,2026-08-11 15:00:08.67886,day_1
89,3,37.6228231,127.0784486,2026-08-11 15:09:08.958589,day_1
90,3,37.6228286,127.0784421,2026-08-11 15:18:10.584019,day_1
91,3,37.6228167,127.0784388,2026-08-11 15:27:10.905392,day_1
92,3,37.6228165,127.078439,2026-08-11 15:36:12.096291,day_1
93,3,37.6228196,127.078445,2026-08-11 15:45:12.077673,day_1
94,3,37.6228253,127.0784548,2026-08-11 15:54:13.746994,day_1
95,3,37.6227926,127.0783991,2026-08-11 16:03:13.960179,day_1
96,3,37.6227849,127.0784105,2026-08-11 16:12:15.614308,day_1
97,3,37.6228136,127.0784447,2026-08-11 16:21:15.849791,day_1
98,3,37.6228093,127.0784343,2026-08-11 16:30:16.627939,day_1
99,3,37.6228133,127.0784431,2026-08-11 16:39:18.382737,day_1
100,3,37.6228149,127.0784447,2026-08-11 16:48:18.504279,day_1
101,3,37.6228188,127.0784386,2026-08-11 16:57:18.941868,day_1
102,3,37.6228178,127.0784375,2026-08-11 17:06:20.564099,day_1
103,3,37.622825,127.0784595,2026-08-11 17:15:20.863834,day_1
104,3,37.6228247,127.0784589,2026-08-11 17:24:21.572178,day_1
105,3,37.6228096,127.0784359,2026-08-11 17:33:22.048428,day_1
106,3,37.6228107,127.0784366,2026-08-11 17:42:23.973447,day_1
107,3,37.622817,127.0784455,2026-08-11 17:51:23.756892,day_1
108,3,37.6228218,127.0784431,2026-08-11 18:00:03.196778,day_1
109,3,37.6228178,127.0784176,2026-08-11 18:05:02.24831,day_1
110,3,37.6228018,127.078386,2026-08-11 18:09:39.137615,day_1
111,3,37.6228018,127.078386,2026-08-11 18:19:53.648925,day_1
112,3,37.6228122,127.078407,2026-08-11 18:24:54.9918,day_1
113,3,37.6228097,127.0783991,2026-08-11 18:29:56.646733,day_1
114,3,37.6228143,127.0784385,2026-08-11 18:34:57.663313,day_1
115,3,37.622813,127.0784295,2026-08-11 18:39:59.347771,day_1
116,3,37.6228209,127.0784432,2026-08-11 18:45:00.425908,day_1
117,3,37.6228204,127.0784422,2026-08-11 18:50:02.102427,day_1
118,3,37.622818,127.0784275,2026-08-11 18:55:03.032962,day_1
119,3,37.6228154,127.0784297,2026-08-11 19:00:04.705053,day_1
120,3,37.6228209,127.078421,2026-08-11 19:05:05.655145,day_1
121,3,37.6228126,127.0784353,2026-08-11 19:10:06.936198,day_1
122,3,37.6228071,127.0784027,2026-08-11 19:15:08.606488,day_1
123,3,37.6228188,127.0784473,2026-08-11 19:20:09.366241,day_1
124,3,37.6228181,127.0784464,2026-08-11 19:25:10.96757,day_1
125,3,37.6228164,127.0784406,2026-08-11 19:30:11.988327,day_1
126,3,37.6228173,127.0784421,2026-08-11 19:35:13.853289,day_1
127,3,37.6228167,127.0784359,2026-08-11 19:40:14.643896,day_1
128,3,37.6228161,127.0784105,2026-08-11 19:45:16.321386,day_1
129,3,37.6228157,127.0784341,2026-08-11 19:50:17.679906,day_1
130,3,37.6228185,127.0784157,2026-08-11 19:55:18.446466,day_1
131,3,37.6228122,127.0784289,2026-08-11 20:00:19.465034,day_1
132,3,37.6228233,127.0784506,2026-08-11 20:05:19.973769,day_1
133,3,37.6228233,127.0784506,2026-08-11 20:07:31.407902,day_1
134,3,37.6228107,127.0784462,2026-08-11 20:10:21.212834,day_1
135,3,37.6228189,127.0784417,2026-08-11 20:15:22.05272,day_1
136,3,37.6228113,127.0784155,2026-08-11 20:24:21.34237,day_1
137,3,37.6228183,127.0783914,2026-08-11 20:29:22.335736,day_1
138,3,37.6228191,127.0783954,2026-08-11 20:34:24.224488,day_1
139,3,37.6226247,127.0787465,2026-08-11 20:38:30.000138,day_1
140,3,37.6228223,127.0784162,2026-08-11 20:41:50.661148,day_1
141,3,37.6228244,127.0784275,2026-08-11 20:46:51.418311,day_1
142,3,37.6228195,127.0784494,2026-08-11 20:51:52.487769,day_1
143,3,37.6228147,127.0784391,2026-08-11 20:56:53.780228,day_1
144,3,37.6228137,127.0783978,2026-08-11 21:01:54.653836,day_1
145,3,37.6228159,127.0784356,2026-08-11 21:06:55.560105,day_1
146,3,37.6228196,127.0784254,2026-08-11 21:11:57.036535,day_1
147,3,37.6228214,127.0784215,2026-08-11 21:16:57.59425,day_1
148,3,37.6228057,127.0783892,2026-08-11 21:21:58.695997,day_1
149,3,37.6228193,127.0784199,2026-08-12 12:12:26.119595,day_2
150,3,37.6228142,127.0784383,2026-08-12 12:17:27.248743,day_2
151,3,37.6228147,127.0784408,2026-08-12 12:22:29.348635,day_2
152,3,37.6228184,127.0784154,2026-08-12 12:27:30.725213,day_2
153,3,37.6228194,127.0784223,2026-08-12 12:32:32.456837,day_2
154,3,37.6228175,127.0784388,2026-08-12 12:37:34.119062,day_2
155,3,37.622812,127.0784162,2026-08-12 12:42:36.330698,day_2
156,3,37.6228138,127.0784135,2026-08-12 12:47:38.376752,day_2
157,3,37.6228155,127.0784033,2026-08-12 12:52:39.778655,day_2
158,3,37.622818,127.0783848,2026-08-12 12:57:40.810631,day_2
159,3,37.6228185,127.0783875,2026-08-12 13:02:42.360431,day_2
160,3,37.6228115,127.0783992,2026-08-12 13:07:43.450221,day_2
161,3,37.6228121,127.0784144,2026-08-12 13:12:45.056398,day_2
162,3,37.6228152,127.0784284,2026-08-12 13:17:46.630331,day_2
163,3,37.6228243,127.0784283,2026-08-12 13:21:59.490404,day_2
164,3,37.6228127,127.0784237,2026-08-12 13:29:10.781605,day_2
165,3,37.6228191,127.0784312,2026-08-12 13:30:55.522171,day_2
166,3,37.6228219,127.0784419,2026-08-12 13:35:56.904068,day_2
171,3,37.622819,127.0784098,2026-08-12 17:42:05.013322,day_2
177,3,37.6228134,127.0783936,2026-08-12 18:27:26.648244,day_2
178,3,37.6228056,127.0783971,2026-08-12 18:32:28.409967,day_2
179,3,37.6228079,127.078425,2026-08-12 18:37:29.561678,day_2
180,3,37.6228079,127.078425,2026-08-12 18:51:31.020574,day_2
181,3,37.6228071,127.0783992,2026-08-12 18:54:44.713245,day_2
182,3,37.6228219,127.0784337,2026-08-12 18:56:03.206408,day_2
183,3,37.6228315,127.0784019,2026-08-12 19:00:33.320646,day_2
184,3,37.6228137,127.0784461,2026-08-12 19:05:06.898709,day_2
185,3,37.6227651,127.0783334,2026-08-12 19:09:37.128537,day_2
186,3,37.6225682,127.0783749,2026-08-12 19:14:07.200138,day_2
187,3,37.6228162,127.0784378,2026-08-12 19:18:43.354285,day_2
188,3,37.6228196,127.0784419,2026-08-12 19:23:16.358061,day_2
189,3,37.6226361,127.0782461,2026-08-12 19:27:50.926165,day_2
190,3,37.6227582,127.0782947,2026-08-12 19:32:21.017313,day_2
191,3,37.6229655,127.0786979,2026-08-12 19:36:52.318143,day_2
192,3,37.6227751,127.0784182,2026-08-12 19:41:22.362371,day_2
193,3,37.6227603,127.0784805,2026-08-12 19:45:53.020092,day_2
194,3,37.6228242,127.0783814,2026-08-12 19:50:22.964587,day_2
195,3,37.6227998,127.0783985,2026-08-12 19:54:53.64489,day_2
196,3,37.6228312,127.0784567,2026-08-12 20:02:23.715757,day_2
197,3,37.6228175,127.0784467,2026-08-12 20:07:37.273551,day_2
198,3,37.6228163,127.0784442,2026-08-12 20:16:35.9699,day_2
199,3,37.6228142,127.0784432,2026-08-12 20:22:28.385168,day_2
200,3,37.6228211,127.0784417,2026-08-12 20:34:39.489317,day_2
201,3,37.6228189,127.0784398,2026-08-12 20:43:38.975855,day_2
202,3,37.6228171,127.0784471,2026-08-12 20:50:33.61423,day_2
203,3,37.6228181,127.0784465,2026-08-12 20:55:09.253645,day_2
204,3,37.6228251,127.0784484,2026-08-12 21:04:54.278547,day_2
205,3,37.622824,127.0784464,2026-08-12 21:13:53.960581,day_2
206,3,37.6228191,127.0784401,2026-08-12 21:22:54.871755,day_2
207,3,37.6228184,127.0784442,2026-08-12 21:31:56.167085,day_2
208,3,37.6228187,127.0784436,2026-08-12 21:40:54.770067,day_2
209,3,37.622823,127.0784521,2026-08-12 21:49:56.16317,day_2
210,3,37.6228232,127.0784476,2026-08-12 21:58:57.489901,day_2
211,3,37.6228232,127.0784472,2026-08-12 22:07:56.768492,day_2
212,3,37.6228191,127.0784475,2026-08-12 22:16:59.234974,day_2
213,3,37.6228185,127.0784456,2026-08-12 22:25:58.007027,day_2
214,3,37.6228131,127.0784409,2026-08-12 22:34:22.465433,day_2
215,3,37.6228129,127.0784411,2026-08-12 22:42:20.616728,day_2
216,3,37.6228243,127.0784541,2026-08-12 22:53:01.087556,day_2
217,3,37.6228163,127.0784452,2026-08-12 23:02:02.247028,day_2
218,3,37.6228225,127.0784509,2026-08-12 23:11:00.870384,day_2
219,3,37.6228153,127.078444,2026-08-12 23:20:03.03757,day_2
220,3,37.6228178,127.0784485,2026-08-12 23:29:01.890754,day_2
221,3,37.6228177,127.0784464,2026-08-12 23:38:03.332242,day_2
222,3,37.622815,127.0784394,2026-08-12 23:47:02.930023,day_2
223,3,37.6228174,127.0784441,2026-08-12 23:56:04.101158,day_2
224,3,37.6228155,127.0784396,2026-08-13 00:05:02.711905,day_3
225,3,37.6228241,127.0784529,2026-08-13 00:14:05.09854,day_3
226,3,37.6228232,127.0784523,2026-08-13 00:23:03.794698,day_3
227,3,37.6228241,127.0784512,2026-08-13 00:32:05.079598,day_3
228,3,37.6228245,127.0784515,2026-08-13 00:37:41.316545,day_3
229,3,37.6228239,127.0784506,2026-08-13 00:47:07.002545,day_3
230,3,37.6228237,127.0784498,2026-08-13 00:59:06.053362,day_3
231,3,37.62282,127.078442,2026-08-13 01:08:05.68542,day_3
232,3,37.6228104,127.0784428,2026-08-13 01:15:58.976035,day_3
233,3,37.6227794,127.0783872,2026-08-13 01:23:09.459151,day_3
234,3,37.3719829,126.942593,2026-08-13 12:01:35.640378,day_3
235,3,37.3719434,126.9425804,2026-08-13 12:06:05.333552,day_3
236,3,37.371946,126.9425736,2026-08-13 12:11:07.281891,day_3
237,3,37.3719446,126.9425633,2026-08-13 12:16:08.773293,day_3
238,3,37.3719415,126.9425705,2026-08-13 12:21:09.993737,day_3
239,3,37.3719348,126.9425853,2026-08-13 12:26:11.268992,day_3
240,3,37.3719395,126.9425739,2026-08-13 12:31:13.055076,day_3
241,3,37.3719452,126.942575,2026-08-13 12:46:53.774414,day_3
242,3,37.3719756,126.9425585,2026-08-13 12:55:08.30528,day_3
243,3,37.3715083,126.9432807,2026-08-13 13:00:09.86513,day_3
244,3,37.3719481,126.9440233,2026-08-13 13:05:11.267004,day_3
245,3,37.3728597,126.9429591,2026-08-13 13:10:12.505453,day_3
246,3,37.3942697,126.9632158,2026-08-13 13:15:15.007826,day_3
247,3,37.3952535,126.9623348,2026-08-13 13:20:16.993705,day_3
248,3,37.4316218,126.9982578,2026-08-13 13:25:18.186594,day_3
249,3,37.5307337,126.9710654,2026-08-13 13:30:20.768416,day_3
250,3,37.4765771,126.9818008,2026-08-13 13:35:22.904411,day_3
251,3,37.4859887,126.9823811,2026-08-13 13:40:23.535753,day_3
252,3,37.4854218,126.9821061,2026-08-13 13:45:24.424359,day_3
253,3,37.4860266,126.9823521,2026-08-13 13:50:26.864076,day_3
254,3,37.6228083,127.0782879,2026-08-13 15:48:33.562394,day_3
255,3,37.6225629,127.078505,2026-08-13 15:53:27.081236,day_3
256,3,37.6224974,127.078459,2026-08-13 15:58:47.154277,day_3
257,3,37.6227687,127.0783907,2026-08-13 16:06:17.306596,day_3
258,3,37.6227765,127.0783735,2026-08-13 16:11:19.314003,day_3
259,3,37.6227775,127.0783735,2026-08-13 16:16:20.734838,day_3
260,3,37.6227936,127.078377,2026-08-13 16:21:22.063061,day_3
261,3,37.622773,127.0783759,2026-08-13 16:26:23.354076,day_3
262,3,37.6227947,127.0783769,2026-08-13 16:31:25.003774,day_3
263,3,37.6227735,127.0783776,2026-08-13 16:36:27.929495,day_3
264,3,37.6227983,127.0783777,2026-08-13 16:45:27.682585,day_3
265,3,37.6228018,127.078378,2026-08-13 16:54:28.448686,day_3
266,3,37.6227804,127.0783768,2026-08-13 17:03:29.467822,day_3
267,3,37.6227974,127.0783748,2026-08-13 17:12:29.472544,day_3
268,3,37.6227801,127.0783773,2026-08-13 17:21:31.296351,day_3
269,3,37.6227922,127.0783791,2026-08-13 17:30:31.394408,day_3
270,3,37.6227988,127.0783798,2026-08-13 17:36:25.120785,day_3
271,3,37.6227815,127.0783793,2026-08-13 17:45:56.413581,day_3
272,3,37.6227709,127.0783791,2026-08-13 17:54:57.206382,day_3
273,3,37.6227689,127.0783786,2026-08-13 18:03:56.397862,day_3
274,3,37.6227948,127.0783774,2026-08-13 18:12:57.512553,day_3
275,3,37.6227983,127.0783739,2026-08-13 18:21:58.14756,day_3
276,3,37.6227964,127.0783717,2026-08-13 18:30:57.702807,day_3
277,3,37.6228097,127.0783908,2026-08-13 18:39:57.94009,day_3
278,3,37.6228147,127.0783918,2026-08-13 18:48:57.427534,day_3
279,3,37.6228164,127.0783904,2026-08-13 18:54:00.794073,day_3
280,3,37.6228148,127.0783945,2026-08-13 19:06:58.561438,day_3
281,3,37.6227999,127.0783789,2026-08-13 19:16:00.32529,day_3
282,3,37.6228132,127.0783936,2026-08-13 19:25:00.578771,day_3
283,3,37.6228077,127.0783906,2026-08-13 19:34:02.105315,day_3
284,3,37.6228132,127.078387,2026-08-13 19:43:01.217158,day_3
285,3,37.6228141,127.078387,2026-08-13 19:52:01.923238,day_3
286,3,37.6228184,127.078394,2026-08-13 20:01:01.51157,day_3
287,3,37.6228161,127.0783946,2026-08-13 20:10:02.988151,day_3
288,3,37.6228198,127.0783886,2026-08-13 20:19:02.531103,day_3
289,3,37.622819,127.078389,2026-08-13 20:28:04.349567,day_3
290,3,37.6228128,127.078389,2026-08-13 20:37:04.446581,day_3
291,3,37.6228131,127.0783886,2026-08-13 20:46:05.058148,day_3
292,3,37.622812,127.0783938,2026-08-13 20:55:04.235131,day_3
293,3,37.6228134,127.0783895,2026-08-13 21:04:05.897545,day_3
294,3,37.6228141,127.0783893,2026-08-13 21:13:06.157319,day_3
295,3,37.6228103,127.0783882,2026-08-13 21:22:06.848373,day_3
296,3,37.6227984,127.078369,2026-08-13 21:31:07.286022,day_3
297,3,37.6227995,127.078368,2026-08-13 21:40:09.104548,day_3
298,3,37.6228186,127.0783957,2026-08-13 21:49:09.223236,day_3
299,3,37.6228196,127.0783925,2026-08-13 21:58:09.203329,day_3
300,3,37.6228063,127.0783734,2026-08-13 22:07:10.189539,day_3
301,3,37.6228177,127.0783961,2026-08-13 22:16:10.132315,day_3
302,3,37.6228166,127.0783954,2026-08-13 22:25:11.855818,day_3
303,3,37.6228126,127.0783953,2026-08-13 22:34:12.115342,day_3
304,3,37.6228095,127.0783933,2026-08-13 22:43:12.862339,day_3
305,3,37.622816,127.0783928,2026-08-13 22:52:12.083893,day_3
306,3,37.6228032,127.0783685,2026-08-13 23:01:14.447388,day_3
307,3,37.6228159,127.0783999,2026-08-13 23:10:13.029528,day_3
308,3,37.6228165,127.0783974,2026-08-13 23:19:15.013379,day_3
309,3,37.622814,127.0783968,2026-08-13 23:24:16.03369,day_3
310,3,37.6228166,127.0783916,2026-08-13 23:37:46.367609,day_3
311,3,37.6228172,127.0783913,2026-08-13 23:46:46.858019,day_3
312,3,37.6228214,127.0783901,2026-08-13 23:55:46.096954,day_3
313,3,37.6228218,127.0783912,2026-08-14 00:04:47.057433,day_4
314,3,37.622814,127.0783975,2026-08-14 00:13:46.045937,day_4
315,3,37.6228169,127.0783937,2026-08-14 00:18:48.754281,day_4
316,3,37.6228129,127.0783978,2026-08-14 00:23:45.925059,day_4
317,3,37.6228151,127.078391,2026-08-14 00:32:45.098591,day_4
318,3,37.6228175,127.0783877,2026-08-14 00:41:45.852726,day_4
319,3,37.6228235,127.0783938,2026-08-14 00:50:45.846242,day_4
320,3,37.6228116,127.078369,2026-08-14 00:59:47.79333,day_4
321,3,37.6228093,127.0783889,2026-08-14 01:08:47.941779,day_4
322,3,37.622799,127.0783921,2026-08-14 01:17:48.901609,day_4
323,3,37.6228147,127.0783971,2026-08-14 01:26:49.005489,day_4
324,3,37.6228175,127.0783941,2026-08-14 01:35:50.955953,day_4
325,3,37.6228121,127.0783959,2026-08-14 01:44:51.559573,day_4
326,3,37.6228132,127.0783951,2026-08-14 01:53:52.63213,day_4
327,3,37.6228125,127.0783996,2026-08-14 02:02:51.872426,day_4
328,3,37.6227852,127.0783772,2026-08-14 02:11:53.660604,day_4
329,3,37.6228168,127.0783838,2026-08-14 02:20:53.825767,day_4
330,3,37.6228162,127.0784011,2026-08-14 02:29:55.19889,day_4
331,3,37.6228162,127.0783958,2026-08-14 02:38:55.202626,day_4
332,3,37.6228172,127.0783947,2026-08-14 02:47:56.579117,day_4
333,3,37.6228152,127.0783949,2026-08-14 02:56:55.913887,day_4
334,3,37.622816,127.0783909,2026-08-14 03:05:57.78376,day_4
335,3,37.6228117,127.078398,2026-08-14 03:14:58.257869,day_4
336,3,37.6228105,127.0783975,2026-08-14 03:23:58.527112,day_4
337,3,37.6228154,127.0783962,2026-08-14 03:32:58.843987,day_4
338,3,37.6228177,127.0783944,2026-08-14 03:42:00.424968,day_4
339,3,37.6228035,127.0783761,2026-08-14 03:47:02.750253,day_4
340,3,37.622806,127.0783653,2026-08-14 03:52:04.564413,day_4
341,3,37.6228182,127.0783973,2026-08-14 04:01:05.23377,day_4
342,3,37.6227973,127.0783759,2026-08-14 04:10:06.715882,day_4
343,3,37.6228134,127.0783919,2026-08-14 04:19:06.875795,day_4
344,3,37.6228131,127.0783926,2026-08-14 04:28:08.516267,day_4
345,3,37.6228173,127.0783911,2026-08-14 04:37:07.675847,day_4
346,3,37.6228188,127.0783866,2026-08-14 04:46:09.397478,day_4
347,3,37.6228134,127.0783996,2026-08-14 04:55:08.753599,day_4
348,3,37.622815,127.0783958,2026-08-14 05:04:10.451714,day_4
349,3,37.6228049,127.0783746,2026-08-14 05:13:09.668928,day_4
350,3,37.6228023,127.0783736,2026-08-14 05:21:40.517266,day_4
351,3,37.6228149,127.0783935,2026-08-14 05:26:41.853943,day_4
352,3,37.6228204,127.0783963,2026-08-14 05:35:42.491463,day_4
353,3,37.6228154,127.0784,2026-08-14 05:44:43.382585,day_4
354,3,37.6228178,127.0783951,2026-08-14 05:53:43.541611,day_4
355,3,37.622819,127.0783879,2026-08-14 06:02:44.430144,day_4
356,3,37.622814,127.0783909,2026-08-14 06:11:44.939544,day_4
357,3,37.6228177,127.0783869,2026-08-14 06:20:45.799625,day_4
358,3,37.6228179,127.0783841,2026-08-14 06:29:46.815668,day_4
359,3,37.6228162,127.0783924,2026-08-14 06:38:46.73263,day_4
360,3,37.6228165,127.0783958,2026-08-14 06:47:47.668043,day_4
361,3,37.6228195,127.0783977,2026-08-14 06:56:48.565637,day_4
362,3,37.6228211,127.0783934,2026-08-14 07:05:48.646918,day_4
363,3,37.622819,127.0783949,2026-08-14 07:14:50.284229,day_4
364,3,37.6228158,127.0783904,2026-08-14 07:23:49.782893,day_4
365,3,37.6228082,127.0783879,2026-08-14 07:32:50.279458,day_4
366,3,37.6228053,127.0783383,2026-08-14 07:37:51.597536,day_4
367,3,37.6227981,127.0783292,2026-08-14 07:42:54.803025,day_4
368,3,37.6228042,127.0783761,2026-08-14 07:51:54.778715,day_4
369,3,37.6228048,127.078376,2026-08-14 08:00:56.391271,day_4
370,3,37.6228136,127.0783957,2026-08-14 08:09:56.624716,day_4
371,3,37.6228068,127.0783992,2026-08-14 08:18:57.230605,day_4
372,3,37.6228119,127.0783943,2026-08-14 08:27:57.352144,day_4
373,3,37.622815,127.0783852,2026-08-14 08:36:58.072247,day_4
374,3,37.6228104,127.0783991,2026-08-14 08:45:58.631809,day_4
375,3,37.6228112,127.0783895,2026-08-14 08:55:00.152305,day_4
376,3,37.6227958,127.0784017,2026-08-14 09:04:00.479579,day_4
377,3,37.6227821,127.0784273,2026-08-14 09:09:12.875175,day_4
378,3,37.6227832,127.0783915,2026-08-14 09:14:14.371339,day_4
379,3,37.6228013,127.0783775,2026-08-14 09:22:39.402049,day_4
380,3,37.6217276,127.0757509,2026-08-14 09:51:26.853968,day_4
381,3,37.6207231,127.0742666,2026-08-14 09:53:25.567617,day_4
382,3,37.6207236,127.0742672,2026-08-14 09:57:58.012421,day_4
383,3,37.6207248,127.0742732,2026-08-14 10:02:32.761685,day_4
384,3,37.6207239,127.0742687,2026-08-14 10:07:06.39291,day_4
385,3,37.6207327,127.0742726,2026-08-14 10:11:40.832042,day_4
386,3,37.6207415,127.074363,2026-08-14 10:16:10.768253,day_4
387,3,37.6207284,127.0742771,2026-08-14 10:20:41.77061,day_4
388,3,37.6207533,127.0743213,2026-08-14 10:25:15.344494,day_4
389,3,37.6207188,127.0742786,2026-08-14 10:29:48.518982,day_4
390,3,37.6207277,127.0743089,2026-08-14 10:34:22.449273,day_4
391,3,37.6207207,127.0742787,2026-08-14 10:39:57.946159,day_4
392,3,37.6207304,127.0742706,2026-08-14 10:40:05.552062,day_4
393,3,37.6207132,127.0742965,2026-08-14 10:44:36.764245,day_4
394,3,37.6207223,127.0742861,2026-08-14 10:49:10.396847,day_4
395,3,37.6207224,127.0742887,2026-08-14 10:53:43.746218,day_4
396,3,37.6207246,127.0742778,2026-08-14 10:58:18.079052,day_4
397,3,37.6207257,127.0742738,2026-08-14 11:02:46.920381,day_4
398,3,37.620722,127.0742774,2026-08-14 11:06:51.74246,day_4
399,3,37.6207303,127.0742834,2026-08-14 11:11:22.377091,day_4
400,3,37.6207319,127.0742844,2026-08-14 11:15:56.251123,day_4
401,3,37.6207307,127.0742837,2026-08-14 11:20:28.725793,day_4
402,3,37.6207319,127.0742842,2026-08-14 11:25:02.422439,day_4
403,3,37.6207271,127.0742777,2026-08-14 11:29:34.671893,day_4
404,3,37.6207205,127.0742826,2026-08-14 11:34:07.322618,day_4
405,3,37.6207201,127.0742817,2026-08-14 11:38:40.891403,day_4
406,3,37.6207316,127.0742688,2026-08-14 11:43:25.750771,day_4
407,3,37.6207406,127.0742691,2026-08-14 11:43:40.636255,day_4
408,3,35.176124,126.884475,2026-08-14 11:46:58.299402,null
409,3,37.6207327,127.0742928,2026-08-14 11:48:12.450836,day_4
410,3,37.6207307,127.0742713,2026-08-14 11:52:46.093049,day_4
411,3,37.6207224,127.0742811,2026-08-14 11:57:21.066428,day_4
412,3,37.6207191,127.0742818,2026-08-14 12:01:54.218233,day_4
413,3,37.6207263,127.0742832,2026-08-14 12:06:27.728,day_4
414,3,37.6207849,127.0742868,2026-08-14 12:10:58.372,day_4
416,3,37.6207225,127.0742746,2026-08-14 12:15:28.802,day_4
417,3,37.620722,127.0742757,2026-08-14 12:20:04.587,day_4
421,3,35.176124,126.884475,2026-08-14 12:23:00,null
419,3,35.176124,126.884475,2026-08-14 12:23:00,null
423,3,35.176124,126.884475,2026-08-14 12:23:00,null
420,3,37.6207287,127.0742774,2026-08-14 12:24:37.853,day_4
422,3,37.6207213,127.0742702,2026-08-14 12:29:08.518,day_4
425,3,35.176124,126.884475,2026-08-14 12:30:00,null
424,3,35.176124,126.884475,2026-08-14 12:30:00,null
426,3,37.6207176,127.0742739,2026-08-14 12:33:40.545,day_4
427,3,37.6207239,127.0742664,2026-08-14 12:38:13.373,day_4
428,3,37.620725,127.0742808,2026-08-14 12:42:44.311,day_4
429,3,37.6207131,127.0742791,2026-08-14 12:47:20.587,day_4
430,3,37.6207092,127.0742855,2026-08-14 12:51:54.03,day_4
418,3,35.176124,126.884475,2026-08-14 13:00:00,null
415,3,35.176124,126.884475,2026-08-14 13:00:00,null
431,3,37.6226696,127.078365,2026-08-14 13:05:24.434,day_4
432,3,37.6227774,127.0783852,2026-08-14 13:23:41.105,day_4
433,3,37.6228037,127.078391,2026-08-14 13:28:16.193,day_4
434,3,37.622804,127.0783944,2026-08-14 13:32:50.174,day_4
435,3,37.6228063,127.0783811,2026-08-14 13:37:26.826,day_4
436,3,37.6227642,127.0783819,2026-08-14 13:42:00.556,day_4
437,3,37.6227776,127.0783838,2026-08-14 13:46:35.972,day_4
438,3,37.6227733,127.0783805,2026-08-14 13:51:09.835,day_4
439,3,37.6227895,127.0784075,2026-08-14 13:55:44.581,day_4
440,3,37.6227992,127.0784079,2026-08-14 14:00:18.494,day_4
441,3,37.6227736,127.0783867,2026-08-14 14:04:53.789,day_4
442,3,37.6227904,127.0784249,2026-08-14 14:12:15.268,day_4
443,3,37.6227971,127.0784248,2026-08-14 14:17:40.135,day_4
444,3,37.622799,127.0784122,2026-08-14 14:26:39.815,day_4
445,3,37.6227983,127.0784131,2026-08-14 14:35:41.088,day_4
446,3,37.6227968,127.0784152,2026-08-14 14:44:49.257,day_4
447,3,37.6227993,127.0784195,2026-08-14 14:53:50.115,day_4
448,3,37.6228067,127.0784533,2026-08-14 14:58:20.556,day_4
449,3,37.6227396,127.0784591,2026-08-14 15:02:51.395,day_4
450,3,37.6228063,127.0784254,2026-08-14 15:07:26.589,day_4
451,3,37.6228126,127.0784163,2026-08-14 15:07:59.964,day_4
452,3,37.6227892,127.0784289,2026-08-14 15:12:30.196,day_4
453,3,37.622811,127.0784511,2026-08-14 15:17:03.748,day_4
454,3,37.6227984,127.0784248,2026-08-14 15:21:36.091,day_4
455,3,37.6227837,127.0783931,2026-08-14 15:26:12.452,day_4
456,3,37.6227893,127.0784108,2026-08-14 15:30:45.782,day_4
457,3,37.6227875,127.0784153,2026-08-14 15:35:20.917,day_4
458,3,37.6227952,127.0784382,2026-08-14 16:39:24.734,day_4
459,3,37.6227778,127.078377,2026-08-14 16:44:00.973,day_4
460,3,37.6227711,127.0783744,2026-08-14 16:48:35.497,day_4
461,3,37.6228108,127.0784275,2026-08-14 16:53:09.385,day_4
462,3,37.6228068,127.0784388,2026-08-14 16:57:43.233,day_4
463,3,37.6228008,127.0784303,2026-08-14 17:02:18.725,day_4
464,3,37.622806,127.0784131,2026-08-14 17:06:52.671,day_4
465,3,37.6228099,127.0784019,2026-08-14 17:11:28.107,day_4
466,3,37.6228099,127.0784019,2026-08-14 17:16:01.989,day_4
467,3,37.622822,127.0783927,2026-08-14 17:20:37.085,day_4
468,3,37.6228102,127.0783801,2026-08-14 17:25:11.085,day_4
469,3,37.6228092,127.0784288,2026-08-14 17:29:46.327,day_4
470,3,37.6228086,127.0784254,2026-08-14 17:34:20.549,day_4
471,3,37.6228057,127.0784317,2026-08-14 17:38:55.701,day_4
472,3,37.6228083,127.0784133,2026-08-14 17:43:29.702,day_4
473,3,37.6228063,127.07843,2026-08-14 17:48:03.478,day_4
474,3,37.62281,127.0784454,2026-08-14 17:52:38.835,day_4
475,3,37.6228102,127.0784467,2026-08-14 17:57:12.772,day_4
476,3,37.6228119,127.0784239,2026-08-14 18:07:43.101,day_4
477,3,37.6228099,127.0784318,2026-08-14 18:16:05.789,day_4
478,3,37.6228075,127.0784239,2026-08-14 18:25:44.11,day_4
479,3,37.6228155,127.078384,2026-08-14 18:34:43.799,day_4
480,3,37.6228151,127.0784377,2026-08-14 18:43:44.832,day_4
481,3,37.6228148,127.0784001,2026-08-14 18:49:02.704,day_4
482,3,37.622814,127.0783992,2026-08-14 18:56:46.86,day_4
483,3,37.622808,127.0784136,2026-08-14 19:01:46.825,day_4
484,3,37.6228058,127.0784339,2026-08-14 19:10:49.16,day_4
485,3,37.6228047,127.0784493,2026-08-14 19:19:50.118,day_4
486,3,37.6228029,127.0784471,2026-08-14 19:28:07.56,day_4
487,3,37.6228035,127.0784344,2026-08-14 19:37:50.113,day_4
488,3,37.6228039,127.0784331,2026-08-14 19:46:48.814,day_4
489,3,37.6228097,127.0784514,2026-08-14 19:55:51.268,day_4
490,3,37.6228014,127.0783889,2026-08-14 20:04:50.815,day_4
491,3,37.6228097,127.0784431,2026-08-14 20:13:52.152,day_4
492,3,37.6228106,127.0784454,2026-08-14 20:22:50.816,day_4
493,3,37.6228058,127.0784025,2026-08-14 20:31:53.178,day_4
494,3,37.6228105,127.0784524,2026-08-14 20:47:44.163,day_4
495,3,37.6228118,127.0784493,2026-08-14 20:57:34.136,day_4
496,3,37.6227902,127.0784045,2026-08-14 21:06:33.898,day_4
497,3,37.6228088,127.0784502,2026-08-14 21:15:36.129,day_4
498,3,37.6228038,127.078447,2026-08-14 21:24:35.814,day_4
499,3,37.6228031,127.078452,2026-08-14 21:33:37.146,day_4
500,3,37.6227996,127.0784144,2026-08-14 21:42:36.84,day_4
501,3,37.6228101,127.0784521,2026-08-14 21:51:37.82,day_4
502,3,37.622813,127.0784536,2026-08-14 22:00:05.063,day_4
503,3,37.6228126,127.0784538,2026-08-14 22:09:39.86,day_4
504,3,37.6228128,127.0784452,2026-08-14 22:14:17.126,day_4
505,3,37.6228114,127.0784451,2026-08-14 22:27:41.147,day_4
506,3,37.6228044,127.0783887,2026-08-14 22:36:40.798,day_4
507,3,37.6228041,127.0784391,2026-08-14 22:43:07.201,day_4
508,3,37.6228013,127.0784378,2026-08-14 22:54:43.131,day_4
509,3,37.6228013,127.0784442,2026-08-14 23:03:42.806,day_4
510,3,37.6228096,127.0784486,2026-08-14 23:11:58.271,day_4
511,3,37.6228095,127.0784472,2026-08-14 23:21:42.804,day_4
512,3,37.6228034,127.0784421,2026-08-14 23:30:45.146,day_4
513,3,37.6228087,127.0784444,2026-08-14 23:39:46.214,day_4
514,3,37.6228104,127.078442,2026-08-14 23:48:45.863,day_4
515,3,37.6228133,127.0784453,2026-08-14 23:57:47.166,day_4
516,3,37.6228114,127.0784433,2026-08-15 00:06:46.031,day_5
517,3,37.622795,127.0784026,2026-08-15 00:15:48.143,day_5
518,3,37.622795,127.0784165,2026-08-15 00:24:46.8,day_5
519,3,37.622795,127.0784275,2026-08-15 00:33:48.134,day_5
520,3,37.622811,127.0784402,2026-08-15 00:40:26.026,day_5
521,3,37.6228018,127.078428,2026-08-15 00:49:59.809,day_5
522,3,37.622784,127.0784231,2026-08-15 00:59:01.15,day_5
523,3,37.6227973,127.0784344,2026-08-15 01:08:00.829,day_5
524,3,37.6228014,127.0783984,2026-08-15 01:17:03.142,day_5
525,3,37.6227921,127.0784211,2026-08-15 01:26:02.783,day_5
526,3,37.6228134,127.0784527,2026-08-15 01:31:03.75,day_5
527,3,37.6227834,127.0783909,2026-08-15 01:31:18.888,day_5
528,3,37.6227867,127.0784116,2026-08-15 01:35:52.119,day_5
529,3,37.6227894,127.0784158,2026-08-15 01:40:27.004,day_5
530,3,37.6227941,127.078421,2026-08-15 01:45:00.232,day_5
531,3,37.6227958,127.0784217,2026-08-15 01:49:33.52,day_5
532,3,37.622807,127.0784394,2026-08-15 01:50:56.519,day_5
533,3,37.6227811,127.0783839,2026-08-15 01:52:06.898,day_5
534,3,37.6228013,127.0784235,2026-08-15 01:56:40.269,day_5
535,3,37.6228019,127.07842,2026-08-15 02:01:14.894,day_5
536,3,37.6227984,127.0784061,2026-08-15 02:05:48.2,day_5
537,3,37.6227998,127.0784006,2026-08-15 02:10:21.136,day_5
538,3,37.6227978,127.078403,2026-08-15 02:14:53.316,day_5
539,3,37.622794,127.0784,2026-08-15 02:19:27.528,day_5
540,3,37.6227857,127.0784083,2026-08-15 02:24:02.212,day_5
541,3,37.6227827,127.0784133,2026-08-15 02:28:35.617,day_5
542,3,37.6227897,127.0784177,2026-08-15 02:33:09.943,day_5
543,3,37.6227967,127.0784219,2026-08-15 02:37:43.289,day_5
544,3,37.6228015,127.078421,2026-08-15 02:42:17.935,day_5
545,3,37.6228029,127.0784174,2026-08-15 02:46:51.178,day_5
546,3,37.6228022,127.0784088,2026-08-15 02:51:25.704,day_5
547,3,37.6227977,127.0783974,2026-08-15 02:55:58.79,day_5
548,3,37.6227983,127.0783997,2026-08-15 03:00:33.237,day_5
549,3,37.6227995,127.0784176,2026-08-15 03:05:06.503,day_5
550,3,37.6228013,127.0784273,2026-08-15 03:09:40.91,day_5
551,3,37.6228018,127.0784274,2026-08-15 03:14:14.201,day_5
552,3,37.6228032,127.0784266,2026-08-15 03:18:47.2,day_5
553,3,37.6228027,127.0784173,2026-08-15 03:23:21.648,day_5
554,3,37.6228033,127.0784134,2026-08-15 03:27:54.893,day_5
555,3,37.6228013,127.0784157,2026-08-15 03:32:29.303,day_5
556,3,37.6228011,127.078419,2026-08-15 03:37:02.512,day_5
557,3,37.6227988,127.078414,2026-08-15 03:41:36.788,day_5
558,3,37.6227965,127.0784074,2026-08-15 03:46:09.943,day_5
559,3,37.6227944,127.0784055,2026-08-15 03:50:44.555,day_5
560,3,37.6227932,127.0784093,2026-08-15 03:55:17.845,day_5
561,3,37.6227934,127.0784083,2026-08-15 03:59:52.539,day_5
562,3,37.6227954,127.0784196,2026-08-15 04:04:25.537,day_5
563,3,37.6227988,127.0784327,2026-08-15 04:08:38.823,day_5
564,3,37.6228001,127.0784,2026-08-15 04:13:10.251,day_5
565,3,37.6227999,127.0783979,2026-08-15 04:17:43.281,day_5
566,3,37.6228014,127.0784293,2026-08-15 04:22:14.134,day_5
567,3,37.6228083,127.0784175,2026-08-15 04:26:46.18,day_5
568,3,37.6228045,127.0784377,2026-08-15 04:31:19.589,day_5
569,3,37.6228023,127.0784388,2026-08-15 04:35:54.053,day_5
570,3,37.622803,127.0784406,2026-08-15 04:40:27.482,day_5
571,3,37.6227969,127.078431,2026-08-15 04:45:02.328,day_5
572,3,37.6227936,127.0784248,2026-08-15 04:49:35.491,day_5
573,3,37.6228053,127.0784001,2026-08-15 04:54:10.265,day_5
574,3,37.6228114,127.0783947,2026-08-15 04:58:43.471,day_5
575,3,37.6228122,127.0783892,2026-08-15 05:03:18.129,day_5
576,3,37.6228128,127.0783905,2026-08-15 05:07:51.481,day_5
577,3,37.6228107,127.0783895,2026-08-15 05:12:24.767,day_5
578,3,37.6228081,127.0784069,2026-08-15 05:16:59.499,day_5
579,3,37.6228095,127.0784122,2026-08-15 05:21:32.827,day_5
580,3,37.6227973,127.0784134,2026-08-15 05:26:07.218,day_5
581,3,37.6227893,127.07841,2026-08-15 05:30:40.619,day_5
582,3,37.6228004,127.0784069,2026-08-15 05:35:15.001,day_5
583,3,35.1595,126.8526,2026-08-18 04:41:32.391244,null
584,3,35.1595,126.8526,2026-08-18 04:55:21.400783,tuesday
585,3,37.6227947,127.078377,2026-08-18 06:37:51.503,day_1
586,3,37.6227928,127.0784487,2026-08-18 06:42:24.965,day_1
587,3,37.6227947,127.0783702,2026-08-18 06:47:00.624,day_1
588,3,37.6227812,127.0783993,2026-08-18 06:51:36.869,day_1
589,3,37.6227735,127.0783743,2026-08-18 06:56:07.004,day_1
590,3,37.622799,127.0784552,2026-08-18 07:00:39.309,day_1
591,3,37.622791,127.0784412,2026-08-18 07:05:12.831,day_1
592,3,37.6227909,127.0784056,2026-08-18 07:09:45.706,day_1
593,3,37.6227939,127.0784087,2026-08-18 07:14:18.218,day_1
594,3,37.6226839,127.0782805,2026-08-18 07:18:49.079,day_1
595,3,37.6227551,127.0782893,2026-08-18 07:23:20.031,day_1
596,3,37.6226547,127.0782737,2026-08-18 07:27:50.102,day_1
597,3,37.6227897,127.0783948,2026-08-18 07:31:56.601,day_1
598,3,37.526187,126.6239397,2026-08-18 09:41:12.151,day_1
599,3,37.5261035,126.6239655,2026-08-18 09:45:44.728,day_1
600,3,37.531904,126.6306537,2026-08-18 10:17:33.494,day_1
601,3,37.5319058,126.6306533,2026-08-18 10:22:06.74,day_1
602,3,37.5319094,126.630655,2026-08-18 10:26:37.435,day_1
603,3,37.5319131,126.6306551,2026-08-18 10:31:10.729,day_1
604,3,37.5319165,126.630656,2026-08-18 10:35:42.728,day_1
605,3,37.5319099,126.6306565,2026-08-18 10:40:13.555,day_1
606,3,37.5319152,126.6306543,2026-08-18 10:44:47.377,day_1
607,3,37.5319136,126.6306546,2026-08-18 10:49:22.173,day_1
608,3,37.5319097,126.630667,2026-08-18 10:53:56.765,day_1
609,3,37.5319071,126.6306558,2026-08-18 10:58:30.385,day_1
610,3,37.531907,126.6306562,2026-08-18 10:58:43.699,day_1
611,3,37.531918,126.6306635,2026-08-18 11:03:44.713,day_1
612,3,37.5319101,126.6306555,2026-08-18 11:08:45.719,day_1
613,3,37.5319079,126.6306504,2026-08-18 11:13:46.749,day_1
614,3,37.5319176,126.6306511,2026-08-18 11:18:47.827,day_1
615,3,37.5319249,126.6306499,2026-08-18 11:23:48.852,day_1
616,3,37.5319241,126.6306495,2026-08-18 11:28:50.551,day_1
617,3,37.5319158,126.6306549,2026-08-18 11:33:51.546,day_1
618,3,37.5319122,126.6306543,2026-08-18 11:38:53.269,day_1
619,3,37.5319142,126.6306528,2026-08-18 11:43:54.296,day_1
620,3,37.5262919,126.6239048,2026-08-18 12:07:10.464,day_1
621,3,37.5261961,126.6238508,2026-08-18 12:12:12.436,day_1
622,3,37.5261355,126.6239327,2026-08-18 12:17:14.792,day_1
623,3,37.5261389,126.6239211,2026-08-18 12:22:16.45,day_1
624,3,37.526242,126.6238743,2026-08-18 12:27:18.445,day_1
625,3,37.5261918,126.6239012,2026-08-18 12:32:20.135,day_1
626,3,37.5261666,126.6238871,2026-08-18 12:41:17.498,day_1
627,3,37.5262055,126.6238459,2026-08-18 12:46:18.807,day_1
628,3,37.5261333,126.6239386,2026-08-18 12:51:20.168,day_1
629,3,37.526182,126.6239019,2026-08-18 12:55:55.996,day_1
630,3,37.526193,126.6238953,2026-08-18 13:00:31.675,day_1
636,3,37.526193,126.6238953,2026-08-18 14:31:57.629701,day_1
637,3,37.5262173,126.6238519,2026-08-18 14:35:03.959,day_1
638,3,37.5262329,126.6238358,2026-08-18 14:39:35.781,day_1
639,3,37.5262427,126.6238283,2026-08-18 14:44:09.731,day_1
640,3,37.5262416,126.6238419,2026-08-18 14:48:41.557,day_1
641,3,37.5262418,126.623853,2026-08-18 14:53:13.332,day_1
642,3,37.5262111,126.6238782,2026-08-18 14:57:47.348,day_1
643,3,37.5261957,126.6238872,2026-08-18 15:02:19.084,day_1
644,3,35.4082989,127.4159081,2026-08-19 05:57:31.157,wednesday
645,3,35.4083058,127.4159148,2026-08-19 06:04:29.374,wednesday
646,3,35.4083079,127.4159117,2026-08-19 06:09:30.667,wednesday
647,3,35.4083021,127.4159122,2026-08-19 06:14:31.958,wednesday
648,3,35.4083038,127.4159146,2026-08-19 06:19:33.389,wednesday
649,3,35.4082997,127.4159191,2026-08-19 06:24:34.727,wednesday
650,3,35.408295,127.4159021,2026-08-19 06:29:36.115,wednesday
651,3,35.4082968,127.4159024,2026-08-19 06:34:37.782,wednesday
652,3,35.4083044,127.4159026,2026-08-19 06:39:39.074,day_2
653,3,35.4082926,127.415905,2026-08-19 06:44:40.355,wednesday
654,3,35.4083004,127.4159115,2026-08-19 06:49:41.663,wednesday
655,3,35.4082953,127.4159046,2026-08-19 06:54:42.986,wednesday
656,3,35.4082974,127.4159072,2026-08-19 06:59:44.67,wednesday
657,3,35.4082742,127.4158895,2026-08-19 07:04:45.992,wednesday
658,3,35.408278,127.4158872,2026-08-19 07:09:47.662,wednesday
659,3,35.4082941,127.4159034,2026-08-19 07:14:48.977,wednesday
660,3,35.4082999,127.4159103,2026-08-19 07:19:50.284,wednesday
661,3,35.4083005,127.4159085,2026-08-19 07:24:51.943,wednesday
662,3,35.4082937,127.4159034,2026-08-19 07:29:53.26,wednesday
663,3,35.4082933,127.4159024,2026-08-19 07:34:54.933,wednesday
664,3,35.4082948,127.4159041,2026-08-19 07:39:56.259,wednesday
665,3,35.4082952,127.4159037,2026-08-19 07:44:57.9,wednesday
666,3,35.4082908,127.4158856,2026-08-19 07:49:59.23,wednesday
667,3,35.4082893,127.4158844,2026-08-19 07:55:00.894,wednesday
668,3,35.4082881,127.4159016,2026-08-19 08:00:02.272,wednesday
669,3,35.4082907,127.4159018,2026-08-19 08:05:03.914,wednesday
670,3,35.4082899,127.4158963,2026-08-19 08:10:05.192,wednesday
671,3,35.4082362,127.4158151,2026-08-19 08:15:06.524,wednesday
672,3,35.4082996,127.4154659,2026-08-19 08:25:56.055,wednesday
673,3,35.4082965,127.4155672,2026-08-19 08:30:57.36,wednesday
674,3,37.622815,127.07841,2026-08-19 08:32:25.948903,wednesday
675,3,37.62282,127.07842,2026-08-19 08:33:25.765259,wednesday
676,3,37.622825,127.07843,2026-08-19 08:33:36.976645,wednesday
677,3,37.5665,126.978,2026-08-19 08:33:52.365217,wednesday
678,3,37.5666,126.9781,2026-08-19 08:34:01.039085,wednesday
679,3,37.5667,126.9782,2026-08-19 08:34:11.755711,wednesday
680,3,35.408234,127.4157318,2026-08-19 08:35:58.657,wednesday
681,3,35.4082333,127.4157346,2026-08-19 08:41:00.007,wednesday
682,3,37.622815,127.07841,2026-08-19 08:41:03.209901,wednesday
683,3,37.62282,127.07842,2026-08-19 08:41:12.214996,wednesday
684,3,35.4083045,127.4159089,2026-08-19 08:46:01.302,wednesday
685,3,35.4083022,127.4159131,2026-08-19 08:51:02.988,wednesday
686,3,35.4083014,127.4159093,2026-08-19 08:56:04.322,wednesday
687,3,35.4082646,127.4158601,2026-08-19 09:01:05.649,wednesday
688,3,35.4082943,127.4158872,2026-08-19 09:40:15.007,wednesday
689,3,35.4082823,127.4158831,2026-08-19 09:45:16.414,wednesday
690,3,35.4082903,127.415889,2026-08-19 09:51:05.454,wednesday
691,3,35.408288,127.4158877,2026-08-19 09:56:07.802,wednesday
692,3,35.4082946,127.4158986,2026-08-19 10:01:09.194,wednesday
693,3,35.4082953,127.4158986,2026-08-19 10:06:10.854,wednesday
694,3,35.4082946,127.4158908,2026-08-19 10:11:12.439,wednesday
695,3,35.4082935,127.4158919,2026-08-19 10:16:14.783,wednesday
696,3,35.4082978,127.4158996,2026-08-19 10:21:16.423,wednesday
697,3,35.4082928,127.4158913,2026-08-19 10:26:18.788,wednesday
698,3,35.4083009,127.4158888,2026-08-19 10:31:20.152,wednesday
699,3,37.622815,127.07841,2026-08-19 10:34:37.288484,wednesday
700,3,35.4083011,127.415889,2026-08-19 10:36:21.866,wednesday
701,3,35.4083025,127.4158956,2026-08-19 10:41:23.451,wednesday
702,3,35.4083056,127.4158955,2026-08-19 10:46:25.127,wednesday
703,3,35.4083055,127.4158991,2026-08-19 10:51:26.451,wednesday
704,3,35.4083035,127.4158976,2026-08-19 10:56:28.151,wednesday
705,3,35.4083014,127.4158972,2026-08-19 11:01:29.472,wednesday
706,3,35.4083054,127.4158922,2026-08-19 11:06:30.8,wednesday
707,3,35.4083066,127.4158963,2026-08-19 11:11:32.782,wednesday
708,3,35.4083041,127.4158952,2026-08-19 11:16:34.437,wednesday
709,3,35.4083003,127.4159048,2026-08-19 11:21:35.853,wednesday
710,3,35.4082907,127.4158986,2026-08-19 11:26:37.12,wednesday
711,3,35.4082907,127.4158986,2026-08-19 11:26:37.12,wednesday
712,3,35.4083049,127.4158985,2026-08-19 11:31:08.806,wednesday
713,3,35.4083218,127.4159092,2026-08-19 11:35:42.441,wednesday
714,3,35.4083213,127.4159083,2026-08-19 11:40:15.928,wednesday
715,3,35.4083045,127.4158952,2026-08-19 11:44:47.136,wednesday
716,3,35.4083039,127.415895,2026-08-19 11:49:20.642,wednesday
24,8,35.2746,126.5102,2026-08-06 04:19:22.901009,null
25,8,35.275,126.511,2026-08-06 04:21:55.009336,null
167,8,35.41,127.39,2026-08-12 14:13:56.083218,null
168,8,35.41,127.39,2026-08-12 15:22:21.443892,null
169,8,35.41,127.39,2026-08-12 15:27:40.946708,null
170,8,35.41,127.39,2026-08-12 15:33:58.530537,null
172,8,37.6228132,127.0784029,2026-08-12 17:47:06.282396,day_2
173,8,37.6228112,127.0783983,2026-08-12 17:52:07.176484,day_2
174,8,37.6228058,127.0783887,2026-08-12 17:57:08.444484,day_2
175,8,37.6228105,127.0783976,2026-08-12 18:02:09.248337,day_2
176,8,37.6228134,127.0783936,2026-08-12 18:07:10.182705,day_2
27,9,35.277,126.511,2026-08-06 09:00:00,null
26,9,35.275,126.51,2026-08-06 09:10:00,null
29,10,35.066,126.516,2026-08-06 09:02:00,null
28,10,35.0645,126.5175,2026-08-06 09:12:00,null
31,11,34.8055,126.392,2026-08-06 09:04:00,null
30,11,34.807,126.394,2026-08-06 09:14:00,null
33,12,35.015,126.71,2026-08-06 09:06:00,null
32,12,35.017,126.712,2026-08-06 09:16:00,null
35,13,34.99,126.478,2026-08-06 09:08:00,null
34,13,34.992,126.48,2026-08-06 09:18:00,null
37,14,34.573,126.598,2026-08-06 09:20:00,null
36,14,34.575,126.6,2026-08-06 09:30:00,null
39,15,35.301,126.784,2026-08-06 09:22:00,null
38,15,35.303,126.786,2026-08-06 09:32:00,null
41,16,35.321,126.988,2026-08-06 09:24:00,null
40,16,35.323,126.99,2026-08-06 09:34:00,null
43,17,35.064,126.986,2026-08-06 09:26:00,null
42,17,35.066,126.988,2026-08-06 09:36:00,null
45,18,34.8,126.697,2026-08-06 09:28:00,null
44,18,34.802,126.699,2026-08-06 09:38:00,null
631,20,37.5261416,126.6239328,2026-08-18 13:31:18.191,day_1
632,20,37.5261262,126.6239297,2026-08-18 13:35:51.438,day_1
633,20,37.5261337,126.6239304,2026-08-18 13:40:25.392,day_1
634,20,37.5261567,126.6239225,2026-08-18 13:44:57.123,day_1
635,20,37.5261892,126.6238958,2026-08-18 13:49:32.974,day_1