"시설명","시설코드","시설종류명(시설유형)","시설종류상세명(시설종류)","자치구(시)구분","시설장명","시군구코드","시군구명","시설주소","정원(수용인원)","현인원","전화번호","우편번호"
"홍파양로원","A0004","(노인주거복지시설) 양로시설","노인주거복지시설","자치구","김우리","1135000000","노원구","서울특별시 노원구 동일로248길 1266 번지","","","",""
"영기노인요양원","A0131","(노인의료복지시설) 노인요양시설","노인의료복지시설","자치구","김원제","1135000000","노원구","서울특별시 노원구 동일로248길 30 (상계동)","","","",""
"시립중계노인전문요양원","A0974","(노인의료복지시설) 노인요양시설","노인의료복지시설","자치구","이희근","1135000000","노원구","서울특별시 노원구 섬밭로 313 (중계동, 시립중계노인전문요양원)","","","",""
"중계데이케어센터","A1372","(재가노인복지시설) 재가노인복지시설","재가노인복지시설","자치구","윤은경","1135000000","노원구","서울특별시 노원구 덕릉로 662, 1,2층 (중계동, 중계3단지주공영구임대아파트)","","","",""
"상계데이케어센터","A1434","(재가노인복지시설) 재가노인복지시설","재가노인복지시설","자치구","신혜선","1135000000","노원구","서울특별시 노원구 덕릉로115나길 25 (상계동)","","","",""
"구립하계실버센터","A1703","(노인의료복지시설) 노인요양시설","노인의료복지시설","자치구","윤양식","1135000000","노원구","서울특별시 노원구 한글비석로 4 (하계동)","","","",""
"노원1치매데이케어센터","A2104","(재가노인복지시설) 재가노인복지시설","재가노인복지시설","자치구","김윤희","1135000000","노원구","서울특별시 노원구 월계로 372, 1층 (월계동, 사슴아파트1단지 노원1종합사회복지관)","","","",""
"시립노원노인종합복지관","A2739","(노인여가복지시설) 노인복지관","노인여가복지시설","자치구","박지은","1135000000","노원구","서울특별시 노원구 노원로16길 15 (하계동, 시립노원노인종합복지관)","","","",""
"평화실버하우스","A3632","(장기요양시설) 장기요양기관","장기요양시설","자치구","","1135000000","노원구","서울특별시 노원구 중계로14길 32, 2층 (중계동)","","","",""
"다운복지관","A5242","(장애인지역사회재활시설) 장애인복지관","장애인지역사회재활시설","자치구","신명진","1135000000","노원구","서울특별시 노원구 화랑로 478 (공릉동)","","","",""
"공릉노인복지관","A7040","(노인여가복지시설) 노인복지관","노인여가복지시설","자치구","김민경","1135000000","노원구","서울특별시 노원구 공릉로 129 (공릉동)","","","",""
"서울시 노원구 재가노인복지기관","A7094","(재가노인복지시설) 재가노인복지시설","재가노인복지시설","자치구","윤기영","1135000000","노원구","서울특별시 노원구 상계로23길 원터행복발전소 3 층","","","",""
"참조은재가복지센타","A7362","(재가노인복지시설) 재가노인복지시설","재가노인복지시설","자치구","김복자","1135000000","노원구","서울특별시 노원구 월계로55길 3 (월계동, 사슴아파트3단지 상가 202호)","","","",""
"수요양원","A7625","(노인의료복지시설) 노인요양공동생활가정","노인의료복지시설","자치구","최진","1135000000","노원구","서울특별시 노원구 동일로237다길 16, 3층 (상계동)","","","",""
"성민재가장기요양센터","A7679","(장기요양시설) 장기요양기관","장기요양시설","자치구","","1135000000","노원구","서울특별시 노원구 노원로 440 (상계동, 비전센터 4층)","","","",""
"평화행복한데이케어센터","A7770","(재가노인복지시설) 재가노인복지시설","재가노인복지시설","자치구","박찬미","1135000000","노원구","서울특별시 노원구 노원로 331 (중계동)","","","",""
"시립중계노인전문요양원병설데이케어센터","A7837","(재가노인복지시설) 재가노인복지시설","재가노인복지시설","자치구","이희근","1135000000","노원구","서울특별시 노원구 섬밭로 313, 1층 (중계동, 시립중계요양원)","","","",""
"노원실버센터","A8937","(노인의료복지시설) 노인요양시설","노인의료복지시설","자치구","안정민","1135000000","노원구","서울특별시 노원구 동일로 1097 (공릉동)","","","",""
"늘사랑실버센터","A9258","(노인의료복지시설) 노인요양시설","노인의료복지시설","자치구","김용길","1135000000","노원구","서울특별시 노원구 한글비석로 444, 5층, 4층 1-2호 (상계동)","","","",""
"태릉지역아동센터","B0903","(아동복지시설) 지역아동센터","아동복지시설","자치구","표사라","1135000000","노원구","서울특별시 노원구 동일로174길 9-4, 2층 (공릉동)","","","",""
"성모자애드림힐","B1056","(아동복지시설) 아동양육시설","아동복지시설","자치구","노은희","1135000000","노원구","서울특별시 노원구 덕릉로70가길 45 (상계동)","","","",""
"좋은나무지역아동센터","B3028","(아동복지시설) 지역아동센터","아동복지시설","자치구","신인성","1135000000","노원구","서울특별시 노원구 동일로245길 162 (상계동)","","","",""
"마음터지역아동센터","B3138","(아동복지시설) 지역아동센터","아동복지시설","자치구","박경숙","1135000000","노원구","서울특별시 노원구 덕릉로 849, 3층 (상계동)","","","",""
"샛별지역아동센터","B3169","(아동복지시설) 지역아동센터","아동복지시설","자치구","송영숙","1135000000","노원구","서울특별시 노원구 동일로237길 92, 301호 (상계동)","","","",""
"금빛지역아동센터","B3634","(아동복지시설) 지역아동센터","아동복지시설","자치구","오양순","1135000000","노원구","서울특별시 노원구 상계로26길 20 (상계동)","","","",""
"열림지역아동센터","B3683","(아동복지시설) 지역아동센터","아동복지시설","자치구","김진천","1135000000","노원구","서울특별시 노원구 동일로231다길 6 (상계동)","","","",""
"신나는지역아동센터","B8665","(아동복지시설) 지역아동센터","아동복지시설","자치구","엄창식","1135000000","노원구","서울특별시 노원구 중계로14가길 29, 3층 (중계동)","","","",""
"구립상계1동지역아동센터","B9515","(아동복지시설) 지역아동센터","아동복지시설","자치구","조호미나","1135000000","노원구","서울특별시 노원구 동일로 1697 (상계동)","","","",""
"구립상계3.4동지역아동센터","B9557","(아동복지시설) 지역아동센터","아동복지시설","자치구","서경하","1135000000","노원구","서울특별시 노원구 덕릉로 859, 3층 (상계동)","","","",""
"구립월계지역아동센터","B9569","(아동복지시설) 지역아동센터","아동복지시설","자치구","유아랑","1135000000","노원구","서울특별시 노원구 초안산로1길 51, 2층 (월계동, 월계종합사회복지관)","","","",""
"구립상계숲속지역아동센터","B9573","(아동복지시설) 지역아동센터","아동복지시설","자치구","강지현","1135000000","노원구","서울특별시 노원구 동일로227길 106 (상계동)","","","",""
"구립공릉지역아동센터","B9578","(아동복지시설) 지역아동센터","아동복지시설","자치구","이지연","1135000000","노원구","서울특별시 노원구 동일로 1127, 3층 (공릉동, 공릉종합사회복지관)","","","",""
"구립초안산숲속지역아동센터","B9654","(아동복지시설) 지역아동센터","아동복지시설","자치구","김은주","1135000000","노원구","서울특별시 노원구 덕릉로60길 199 (월계동)","","","",""
"구립공릉행복지역아동센터","B9999","(아동복지시설) 지역아동센터","아동복지시설","자치구","임리아","1135000000","노원구","서울특별시 노원구 동일로179길 22, 3층 (공릉동, 공릉행복발전소)","","","",""
"시립노원노인종합복지관 방과후교실","C0000008521","(기타기관) 영유아보육시설(기타)","영유아보육시설(기타)","자치구","김현숙","1135000000","노원구","서울특별시 노원구 노원로16길 2 (하계동)","","","",""
"평화종합사회복지관 방과후교실","C0000008529","(기타기관) 영유아보육시설(기타)","영유아보육시설(기타)","자치구","단정은","1135000000","노원구","서울특별시 노원구 중계동 514-3 ","","","",""
"서울용원초등학교 방과후교실","C0000008580","(기타기관) 영유아보육시설(기타)","영유아보육시설(기타)","자치구","김진의","1135000000","노원구","서울특별시 노원구 섬밭로 144 (공릉동)","","","",""
"서울상계초등학교 방과후교실","C0000008581","(기타기관) 영유아보육시설(기타)","영유아보육시설(기타)","자치구","남궁영수","1135000000","노원구","서울특별시 노원구 상계로9길 39 (상계동)","","","",""
"중계종합사회복지관 방과후교실","C0000008582","(기타기관) 영유아보육시설(기타)","영유아보육시설(기타)","자치구","유미선","1135000000","노원구","서울특별시 노원구 중계동 358 ","","","",""
"월계복지관내 방과후교실","C0000008602","(기타기관) 영유아보육시설(기타)","영유아보육시설(기타)","자치구","최선희","1135000000","노원구","서울특별시 노원구 월계로49길 5 (월계동)","","","",""
"월계종합사회복지관 방과후교실","C0000008604","(기타기관) 영유아보육시설(기타)","영유아보육시설(기타)","자치구","신영자","1135000000","노원구","서울특별시 노원구 월계로49길 5 (월계동)","","","",""
"노원1종합사회복지관 방과후교실","C0000008605","(기타기관) 영유아보육시설(기타)","영유아보육시설(기타)","자치구","양은선","1135000000","노원구","서울특별시 노원구 월계로 372 (월계동)","","","",""
"공릉방과후학교","C0000008620","(기타기관) 영유아보육시설(기타)","영유아보육시설(기타)","자치구","표정윤","1135000000","노원구","서울특별시 노원구 공릉동 708 ","","","",""
"상계종합사회복지관 방과후교실","C0000008633","(기타기관) 영유아보육시설(기타)","영유아보육시설(기타)","자치구","정경숙","1135000000","노원구","서울특별시 노원구 덕릉로115나길 25 (상계동)","","","",""
"서울연지초등학교 방과후교실","C0000008643","(기타기관) 영유아보육시설(기타)","영유아보육시설(기타)","자치구","김종만","1135000000","노원구","서울특별시 노원구 월계로55길 48 (월계동)","","","",""
"마들사회복지관방과후교실","C0000008644","(기타기관) 영유아보육시설(기타)","영유아보육시설(기타)","자치구","권귀숙","1135000000","노원구","서울특별시 노원구 동일로210길 22 (중계동)","","","",""
"품속방과후교실","C0000008646","(기타기관) 영유아보육시설(기타)","영유아보육시설(기타)","자치구","조성진","1135000000","노원구","서울특별시 노원구 동일로230가길 16 (상계동)","","","",""
"선의케어센터","C0000008666","(노인의료복지시설) 노인요양시설","노인의료복지시설","자치구","강석주","1135000000","노원구","서울특별시 노원구 동일로 1419 (상계동)","","","",""
"월계가정복지센터 방과후교실","C0000008682","(기타기관) 영유아보육시설(기타)","영유아보육시설(기타)","자치구","윤선희","1135000000","노원구","서울특별시 성북구 돌곶이로8나길 4 (석관동)","","","",""
"아름다운 작업활동센터","C0000008704","(장애인직업재활시설) 장애인+직업적응훈련시설","장애인직업재활시설","자치구","이상춘","1135000000","노원구","서울특별시 노원구 공릉동 480 ","","","",""
"노원구 보육정보센터","C0000008760","(아동복지시설) 지역아동센터","아동복지시설","자치구","김승옥","1135000000","노원구","서울특별시 노원구 상계동 205 ","","","",""
"대린원","C0001","(장애인거주시설) 장애유형별거주시설","장애인거주시설","자치구","임은희","1135000000","노원구","서울특별시 노원구 동일로248길 30 (상계동)","","","",""
"동천의집","C0003","(장애인거주시설) 장애유형별거주시설","장애인거주시설","자치구","김영문","1135000000","노원구","서울특별시 노원구 노원로18길 41 (하계동, 동천의집)","","","",""
"늘편한집","C0029","(장애인거주시설) 중증장애인거주시설","장애인거주시설","자치구","안성균","1135000000","노원구","서울특별시 노원구 중계로 163 (중계동)","","","",""
"월계우리가족상담소","C0101394958","(여성복지시설) 성폭력피해상담소","성폭력피해보호시설","자치구","김연정","1135000000","노원구","서울특별시 노원구 월계로49길 5 (월계동,월계종합사회복지관 내 2층)","","","",""
"가정치유상담소","C0101394988","(여성복지시설) 성폭력피해상담소","성폭력피해보호시설","자치구","조월자","1135000000","노원구","서울특별시 노원구 동일로 1554 (상계동,다래빌딩 502호)","","","",""
"주사랑노인종합복지센터","C0152169289","(노인의료복지시설) 노인요양공동생활가정","노인의료복지시설","자치구","박신광","1135000000","노원구","서울특별시 노원구 광운로 48, 2층 (월계동)","","","",""
"하계장애인주간활동센터","C0187569961","(장애인지역사회재활시설) 장애인주간이용시설","장애인지역사회재활시설","자치구","이상복","1135000000","노원구","서울특별시 노원구 노원로16길 15 (하계동, 중계9단지주공영구임대아파트)","","","",""
"베데스다의 집","C0252","(장애인거주시설) 장애인공동생활가정","장애인거주시설","자치구","정선근","1135000000","노원구","서울특별시 노원구 중계로8길 39, 211동 1층 10호 (중계동, 현대그린아파트)","","","",""
"베데스다장애인주간보호센터","C0253","(장애인지역사회재활시설) 장애인주간이용시설","장애인지역사회재활시설","자치구","심희남","1135000000","노원구","서울특별시 노원구 공릉로58마길 27 (하계동,나눔아트센터2층)","","","",""
"(주)가온사랑재가복지센터","C0290636665","(재가노인복지시설) 재가노인복지시설","재가노인복지시설","자치구","강용구","1135000000","노원구","서울특별시 노원구 동일로 1058, 3층 (공릉동)","","","",""
"수남플러스재가센터","C0291464369","(재가노인복지시설) 재가노인복지시설","재가노인복지시설","자치구","이경희","1135000000","노원구","서울특별시 노원구 한글비석로24라길 78, 1층 (상계동)","","","",""
"수남 플러스 재가센터","C0292711521","(재가노인복지시설) 재가노인복지시설","재가노인복지시설","자치구","이경희","1135000000","노원구","서울특별시 노원구 한글비석로24라길 78, 1층 (상계동)","","","",""
"수남 플러스 재가센터","C0293679526","(재가노인복지시설) 재가노인복지시설","재가노인복지시설","자치구","이경희","1135000000","노원구","서울특별시 노원구 한글비석로24라길 78, 1층 (상계동)","","","",""
"수남 플러스 재가센터","C0293739935","(재가노인복지시설) 재가노인복지시설","재가노인복지시설","자치구","이경희","1135000000","노원구","서울특별시 노원구 한글비석로24라길 78, 1층 (상계동)","","","",""
"7월1일 재가복지센터","C0294575381","(재가노인복지시설) 재가노인복지시설","재가노인복지시설","자치구","한근혁","1135000000","노원구","서울특별시 노원구 동일로 986, 101동 B113-1호 (공릉동, 노원 프레미어스 엠코)","","","",""
"수남 플러스 재가센터","C0294705123","(재가노인복지시설) 재가노인복지시설","재가노인복지시설","자치구","이경희","1135000000","노원구","서울특별시 노원구 한글비석로24라길 78, 1층 (상계동)","","","",""
"한마음방문요양센터","C0297075184","(재가노인복지시설) 재가노인복지시설","재가노인복지시설","자치구","모종일","1135000000","노원구","서울특별시 노원구 덕릉로 804, 4층 403호 (상계동)","","","",""
"당고개 데이케어센터","C0297770805","(재가노인복지시설) 재가노인복지시설","재가노인복지시설","자치구","백서현","1135000000","노원구","서울특별시 노원구 덕릉로126길 11, 2,4층 (상계동, 당고개 빌딩)","","","",""
"무지개방문요양센터","C0297770813","(재가노인복지시설) 재가노인복지시설","재가노인복지시설","자치구","안영순","1135000000","노원구","서울특별시 노원구 마들로 127, 상가동 1층 4호 (월계동)","","","",""
"시민재가센터","C0297770828","(재가노인복지시설) 재가노인복지시설","재가노인복지시설","자치구","신승득","1135000000","노원구","서울특별시 노원구 공릉로 325-7, 2층 (하계동)","","","",""
"가가호호A+방문요양센터","C0297783378","(재가노인복지시설) 재가노인복지시설","재가노인복지시설","자치구","신미경","1135000000","노원구","서울특별시 노원구 동일로241길 53, 상가동 2층 217호 (상계동)","","","",""
"날개재가복지센터","C0297799109","(재가노인복지시설) 재가노인복지시설","재가노인복지시설","자치구","계성일","1135000000","노원구","서울특별시 노원구 동일로 1379, 3층 303호 (상계동, 다모아빌딩)","","","",""
"노원민들레재가복지센터","C0297799130","(재가노인복지시설) 재가노인복지시설","재가노인복지시설","자치구","김은화","1135000000","노원구","서울특별시 노원구 공릉로59길 28, B1층 12호 (하계동, 미성아파트)","","","",""
"노원민들레재가복지센터","C0297811775","(재가노인복지시설) 재가노인복지시설","재가노인복지시설","자치구","김은화","1135000000","노원구","서울특별시 노원구 공릉로59길 28, B1층 12호 (하계동, 미성상가)","","","",""
"현대메디컬","C0297824222","(재가노인복지시설) 재가노인복지시설","재가노인복지시설","자치구","최광모","1135000000","노원구","서울특별시 노원구 중계로14길 10, 203호 (중계동)","","","",""
"행복나눔방문요양센터","C0297824259","(재가노인복지시설) 재가노인복지시설","재가노인복지시설","자치구","김수현","1135000000","노원구","서울특별시 노원구 덕릉로 804, 208호 (상계동, 대림프라자)","","","",""
"이레효재가복지센터","C0297824281","(재가노인복지시설) 재가노인복지시설","재가노인복지시설","자치구","최양","1135000000","노원구","서울특별시 노원구 동일로242길 95, 204호 (상계동, 수락현대아파트 상가)","","","",""
"사랑재가복지센터","C0297850615","(재가노인복지시설) 재가노인복지시설","재가노인복지시설","자치구","심상금","1135000000","노원구","서울특별시 노원구 덕릉로126길 35 (상계동)","","","",""
"쉰들러 긴급이동 사회복지센터","C0298531090","(재가노인복지시설) 재가노인복지시설","재가노인복지시설","자치구","지요한","1135000000","노원구","서울특별시 노원구 중계로6나길 12-10 (중계동)","","","",""
"동천","C0362","(장애인직업재활시설) 장애인+근로사업장","장애인직업재활시설","자치구","성선경","1135000000","노원구","서울특별시 노원구 노원로18길 41 (하계동)","","","",""
"다모인","C0373","(장애인직업재활시설) 장애인+보호작업장","장애인직업재활시설","자치구","유기학","1135000000","노원구","서울특별시 노원구 노원로 311, 3층 1, 4호 (중계동, 중계지식산업센터)","","","",""
"서울시립북부장애인종합복지관","C0454","(장애인지역사회재활시설) 장애인복지관","장애인지역사회재활시설","자치구","신연화","1135000000","노원구","서울특별시 노원구 덕릉로70가길 92 (상계동)","","","",""
"더 홈","C0507","(장애인거주시설) 장애유형별거주시설","장애인거주시설","자치구","허곤","1135000000","노원구","서울특별시 노원구 중계로 163 (중계동)","","","",""
"보담터","C0587","(장애인직업재활시설) 장애인+보호작업장","장애인직업재활시설","자치구","엄광현","1135000000","노원구","서울특별시 노원구 중계로 163 (중계동)","","","",""
"은헤재가복지센터","C0606768601","(재가노인복지시설) 재가노인복지시설","재가노인복지시설","자치구","김나경","1135000000","노원구","서울특별시 노원구 공릉로42길 21, 102호 (공릉동)","","","",""
"좋은아침재가복지센터 노원점","C0607518011","(재가노인복지시설) 재가노인복지시설","재가노인복지시설","자치구","한수연","1135000000","노원구","서울특별시 노원구 노원로 331, 301동 108호 (중계동, 시영3단지목련아파트 상가)","","","",""
"송연재가방문요양센터","C0608048389","(재가노인복지시설) 재가노인복지시설","재가노인복지시설","자치구","박태숙","1135000000","노원구","서울특별시 노원구 노원로16길 82, 1층 (하계동, 주공9단지 종합2상가 )","","","",""
"노원효사랑 재가복지센터","C0608070941","(재가노인복지시설) 재가노인복지시설","재가노인복지시설","자치구","김정곤","1135000000","노원구","서울특별시 노원구 동일로182길 47-7, 101호 (공릉동)","","","",""
"모니카 복지용구센터","C0608070950","(재가노인복지시설) 재가노인복지시설","재가노인복지시설","자치구","이진석","1135000000","노원구","서울특별시 노원구 한글비석로 396, 108동 211호 (상계동, 벽산아파트)","","","",""
"한세데이케어센터","C0608070964","(재가노인복지시설) 재가노인복지시설","재가노인복지시설","자치구","이기숙","1135000000","노원구","서울특별시 노원구 덕릉로126다길 7-7, 1층 (상계동)","","","",""
"주맘방문요양센터","C0608070976","(재가노인복지시설) 재가노인복지시설","재가노인복지시설","자치구","박진아","1135000000","노원구","서울특별시 노원구 한글비석로 422, 5층 (상계동)","","","",""
"사랑과섬김요양원","C0608070989","(노인의료복지시설) 노인요양공동생활가정","노인의료복지시설","자치구","박진아","1135000000","노원구","서울특별시 노원구 한글비석로 422, 5층 (상계동)","","","",""
"돌봄간호요양원1","C0608071026","(노인의료복지시설) 노인요양공동생활가정","노인의료복지시설","자치구","신용연","1135000000","노원구","서울특별시 노원구 동일로 1550, 6층 601호 (상계동)","","","",""
"돌봄간호요양원2","C0608071126","(노인의료복지시설) 노인요양공동생활가정","노인의료복지시설","자치구","이정희","1135000000","노원구","서울특별시 노원구 동일로 1550, 6층 601호 (상계동)","","","",""
"해담방문요양재가센터","C0608087748","(재가노인복지시설) 재가노인복지시설","재가노인복지시설","자치구","박영란","1135000000","노원구","서울특별시 노원구 공릉로34길 62, 1층 103호 (공릉동, 태강아파트 제상가동)","","","",""
"노블레스요양원","C0608087860","(노인의료복지시설) 노인요양공동생활가정","노인의료복지시설","자치구","김나경","1135000000","노원구","서울특별시 노원구 노원로 479, 2층 (상계동, 대광빌딩)","","","",""
"구립 수락노인종합복지관","C0608088053","(노인여가복지시설) 노인복지관","노인여가복지시설","자치구","장인수","1135000000","노원구","서울특별시 노원구 수락산로 214 (상계동)","","","",""
"가나재가복지센터","C0608098433","(재가노인복지시설) 재가노인복지시설","재가노인복지시설","자치구","이경란","1135000000","노원구","서울특별시 노원구 상계로12길 35-5, 1층 (상계동)","","","",""
"아름드리꿈터","C0608104826","(장애인지역사회재활시설) 장애인주간이용시설","장애인지역사회재활시설","자치구","임성희","1135000000","노원구","서울특별시 노원구 한글비석로 432 (상계동, 2층 및 4층 일부)","","","",""
"건강과행복 방문요양센터","C0608129363","(재가노인복지시설) 재가노인복지시설","재가노인복지시설","자치구","형광우","1135000000","노원구","서울특별시 노원구 한글비석로48길 6, 상가동 111호,112호 (상계동, 한신아파트)","","","",""
"노원어르신휴센터","C0608134483","(노인여가복지시설) 노인휴양소","노인여가복지시설","자치구","강봉심","1135000000","노원구","서울특별시 노원구 동일로 1456, 711동동 1207호 (상계동, 상계주공아파트)","","","",""
"(A)정원재가복지센터","C0608140999","(재가노인복지시설) 재가노인복지시설","재가노인복지시설","자치구","김영숙","1135000000","노원구","서울특별시 노원구 상계로 193-14, 2층 205호 (상계동, 상계대림아파트)","","","",""
"가연 재가복지센터","C0608141099","(재가노인복지시설) 재가노인복지시설","재가노인복지시설","자치구","엄정연","1135000000","노원구","서울특별시 노원구 상계로12길 35-9 (상계동)","","","",""
"순수재가복지센터","C0608166942","(재가노인복지시설) 재가노인복지시설","재가노인복지시설","자치구","김판수","1135000000","노원구","서울특별시 노원구 동일로187길 18, 1층 102호 (공릉동)","","","",""
"가나방문요양센터","C0608180102","(재가노인복지시설) 재가노인복지시설","재가노인복지시설","자치구","선우준","1135000000","노원구","서울특별시 노원구 동일로232길 27, 102호 (상계동)","","","",""
"스마일시니어참사랑재가복지센터","C0608180107","(재가노인복지시설) 재가노인복지시설","재가노인복지시설","자치구","정성한","1135000000","노원구","서울특별시 노원구 상계로23다길 47-3, 101호 (상계동)","","","",""
"공릉태릉우성아이휴센터","C0608194751","(다함께돌봄센터) 다함께돌봄센터","다함께돌봄센터","자치구","김아람","1135000000","노원구","서울특별시 노원구 노원로 29, 1동 1층 105호 (공릉동, 우성아파트)","","","",""
"행복플러스재가센터","C0608194807","(재가노인복지시설) 재가노인복지시설","재가노인복지시설","자치구","지용운","1135000000","노원구","서울특별시 노원구 공릉로46길 28, B층 105호 (공릉동, 삼익아파트상가)","","","",""
"참사랑재가복지센터","C0608194834","(재가노인복지시설) 재가노인복지시설","재가노인복지시설","자치구","김동용","1135000000","노원구","","","","",""
" 가나방문요양","C0608207128","(재가노인복지시설) 재가노인복지시설","재가노인복지시설","자치구","구상회","1135000000","노원구","서울특별시 노원구 초안산로 7, 205호 (월계동, 월계2단지주공아파트)","","","",""
"노원구정신건강복지센터","C0608275899","(정신건강증진기관) 정신건강복지+지역센터","정신건강증진기관","자치구","이규영","1135000000","노원구","서울특별시 노원구 노해로 455 (상계동, 인산빌딩 5층)","","","",""
"진방문요양센터","C0608335898","(재가노인복지시설) 재가노인복지시설","재가노인복지시설","자치구","심진","1135000000","노원구","서울특별시 노원구 상계로23길 40, 1층 좌측호 (상계동)","","","",""
"행복동행 방문요양센터","C0608335933","(재가노인복지시설) 재가노인복지시설","재가노인복지시설","자치구","전남욱","1135000000","노원구","서울특별시 노원구 동일로245가길 41, 2층 201호 (상계동, 은빛아파트 상가동)","","","",""
"가나안재가복지센터","C0608337186","(재가노인복지시설) 재가노인복지시설","재가노인복지시설","자치구","김희숙","1135000000","노원구","서울특별시 노원구 덕릉로 777, 1층 (상계동)","","","",""
"행복동행 방문요양센터","C0608337193","(재가노인복지시설) 재가노인복지시설","재가노인복지시설","자치구","전남욱","1135000000","노원구","서울특별시 노원구 한글비석로44길 13, B01호 (상계동, 우측 일부)","","","",""
"노원마을재가복지센터","C0608338356","(재가노인복지시설) 재가노인복지시설","재가노인복지시설","자치구","허경화","1135000000","노원구","서울특별시 노원구 노원로 540, 1층 111호 (상계동, 상계주공아파트9단지종합상가)","","","",""
"나무그늘재가복지센터","C0608365982","(재가노인복지시설) 재가노인복지시설","재가노인복지시설","자치구","한은주","1135000000","노원구","서울특별시 노원구 동일로 1279, B103호 (중계동, 중계그린아파트 B 상가)","","","",""
"사랑나눔재가복지센터","C0608366059","(재가노인복지시설) 재가노인복지시설","재가노인복지시설","자치구","정남기","1135000000","노원구","서울특별시 노원구 한글비석로46길 52, 1층 103.104호 (상계동)","","","",""
"더좋은 방문요양센터","C0608366069","(재가노인복지시설) 재가노인복지시설","재가노인복지시설","자치구","양순모","1135000000","노원구","서울특별시 노원구 공릉로20길 22-1, B01호 (공릉동)","","","",""
"더즐거운재가복지센터","C0608366076","(재가노인복지시설) 재가노인복지시설","재가노인복지시설","자치구","김태미","1135000000","노원구","서울특별시 노원구 동일로174길 27, 2층 (공릉동)","","","",""
"태릉참실버케어","C0608411919","(노인의료복지시설) 노인요양시설","노인의료복지시설","자치구","조병환","1135000000","노원구","서울특별시 노원구 화랑로51가길 11-8 (공릉동, 태릉참실버케어)","","","",""
"노원실버 방문요양센터","C0608411929","(재가노인복지시설) 재가노인복지시설","재가노인복지시설","자치구","최광임","1135000000","노원구","서울특별시 노원구 한글비석로31길 22, 1층 (상계동)","","","",""
"상계3.4동융합형 아이휴센터","C0608416208","(다함께돌봄센터) 다함께돌봄센터","다함께돌봄센터","자치구","박금옥","1135000000","노원구","서울특별시 노원구 덕릉로 748, 2층 (상계동, 상계구민체육센터)","","","",""
"하이재가방문요양센터","C0608497648","(재가노인복지시설) 재가노인복지시설","재가노인복지시설","자치구","최한성","1135000000","노원구","서울특별시 노원구 광운로2가길 17, B01호 (월계동)","","","",""
"행복한요양원","C0608577788","(노인의료복지시설) 노인요양공동생활가정","노인의료복지시설","자치구","이은영","1135000000","노원구","서울특별시 노원구 한글비석로47길 58, 4층 (상계동)","","","",""
"솔잎 복지용구","C0608606003","(재가노인복지시설) 재가노인복지시설","재가노인복지시설","자치구","김경욱","1135000000","노원구","서울특별시 노원구 덕릉로60길 252, 4층 401호 (월계동, 유원아파트 상가)","","","",""
"으뜸 방문간호센터","C0608694150","(재가노인복지시설) 재가노인복지시설","재가노인복지시설","자치구","김태준","1135000000","노원구","서울특별시 노원구 한글비석로36길 86, 1층 (상계동, 정면 우측 상가)","","","",""
"다온재가복지센터","C0608694151","(재가노인복지시설) 재가노인복지시설","재가노인복지시설","자치구","이수희","1135000000","노원구","서울특별시 노원구 월계로55길 15, 302동 107호 (월계동, 사슴아파트)","","","",""
"성모요양원A","C0608861844","(노인의료복지시설) 노인요양공동생활가정","노인의료복지시설","자치구","이철수","1135000000","노원구","서울특별시 노원구 노원로 479, 3층 (상계동)","","","",""
"노블레스요양원","C0608862063","(노인의료복지시설) 노인요양공동생활가정","노인의료복지시설","자치구","서재호","1135000000","노원구","서울특별시 노원구 노원로 479, 2층 (상계동)","","","",""
"시니어재가복지센터","C0608971150","(재가노인복지시설) 재가노인복지시설","재가노인복지시설","자치구","이현미","1135000000","노원구","서울특별시 노원구 덕릉로126라길 18-8, 101호 (상계동, 무지개빌라)","","","",""
"중계재활데이케어","C0608971151","(재가노인복지시설) 재가노인복지시설","재가노인복지시설","자치구","김관영","1135000000","노원구","서울특별시 노원구 덕릉로73길 18, 2층 (중계동, 태인빌딩)","","","",""
"햇님달님데이케어센터","C0608971152","(재가노인복지시설) 재가노인복지시설","재가노인복지시설","자치구","강선녀","1135000000","노원구","서울특별시 노원구 덕릉로 799, 2층 (상계동)","","","",""
"중계재활데이케어","C0608971153","(재가노인복지시설) 재가노인복지시설","재가노인복지시설","자치구","김관영","1135000000","노원구","서울특별시 노원구 덕릉로73길 18, 2층 (중계동, 태인빌딩)","","","",""
"동행복지용구","C0609065149","(재가노인복지시설) 재가노인복지시설","재가노인복지시설","자치구","문병권","1135000000","노원구","서울특별시 노원구 한글비석로24바길 10, B1호 (상계동)","","","",""
"리본노인복지센터","C0609181551","(재가노인복지시설) 재가노인복지시설","재가노인복지시설","자치구","임혜진","1135000000","노원구","서울특별시 노원구 동일로237가길 49, 1층 우측호 (상계동)","","","",""
"진심다한 주간보호센터","C0609181579","(재가노인복지시설) 재가노인복지시설","재가노인복지시설","자치구","이선희","1135000000","노원구","서울특별시 노원구 공릉로63길 13, 7층 (하계동, 유토피아빌딩)","","","",""
"정담재가복지센터","C0609181581","(재가노인복지시설) 재가노인복지시설","재가노인복지시설","자치구","최혜연","1135000000","노원구","서울특별시 노원구 동일로 1493, 2층 211호 (상계동, 상계주공10단지 종합상가)","","","",""
"하나요양재가복지센터","C0609181583","(재가노인복지시설) 재가노인복지시설","재가노인복지시설","자치구","이미자","1135000000","노원구","서울특별시 노원구 동일로 1027, 2층 (공릉동, 송이빌딩)","","","",""
"정다운 노인방문요양센터","C0609181597","(재가노인복지시설) 재가노인복지시설","재가노인복지시설","자치구","정지유","1135000000","노원구","서울특별시 노원구 한글비석로36길 47, 1층 우측호 (상계동)","","","",""
"따뜻한마음 방문요양센터","C0609181610","(재가노인복지시설) 재가노인복지시설","재가노인복지시설","자치구","김현주","1135000000","노원구","서울특별시 노원구 덕릉로 796, 1층 왼쪽호 (상계동)","","","",""
"가온요양원","C0609181708","(노인의료복지시설) 노인요양공동생활가정","노인의료복지시설","자치구","최훈호","1135000000","노원구","서울특별시 노원구 노원로 479, 5층 (상계동)","","","",""
"고수련데이케어센터","C0609254978","(재가노인복지시설) 재가노인복지시설","재가노인복지시설","자치구","문주희","1135000000","노원구","서울특별시 노원구 상계로27길 32, 5층 (상계동, 대명빌딩)","","","",""
"(주)대교뉴이프 복지용구사무소","C0609254980","(재가노인복지시설) 재가노인복지시설","재가노인복지시설","자치구","김학영","1135000000","노원구","서울특별시 노원구 동일로 1036, 5층 503호 (공릉동)","","","",""
"성원재가복지센터","C0609420626","(재가노인복지시설) 재가노인복지시설","재가노인복지시설","자치구","오정은","1135000000","노원구","서울특별시 노원구 마들로3길 37, 2층 204호 (월계동, 성원4단지아파트 상가)","","","",""
"성심 재가복지센터","C0609420628","(재가노인복지시설) 재가노인복지시설","재가노인복지시설","자치구","조미숙","1135000000","노원구","서울특별시 노원구 공릉로 154-13, 2층 (공릉동)","","","",""
"노원사랑 재가복지센터","C0609420638","(재가노인복지시설) 재가노인복지시설","재가노인복지시설","자치구","이종숙","1135000000","노원구","서울특별시 노원구 한글비석로46가길 16, 104호 (상계동, 한신아파트 8동 상가)","","","",""
"우리동네재가복지센터","C0609420640","(재가노인복지시설) 재가노인복지시설","재가노인복지시설","자치구","이화선","1135000000","노원구","서울특별시 노원구 동일로228길 29, 401호 (상계동, 대원유치원)","","","",""
"이지스재가복지센터","C0609420642","(재가노인복지시설) 재가노인복지시설","재가노인복지시설","자치구","김재령","1135000000","노원구","서울특별시 노원구 노원로28길 57-1, 1층 (상계동)","","","",""
"참좋은방문요양센터","C0609420646","(재가노인복지시설) 재가노인복지시설","재가노인복지시설","자치구","이연수","1135000000","노원구","서울특별시 노원구 광운로2가길 23, 202호 (월계동, 삼창아파트 상가)","","","",""
"(주)대교뉴이프 방문요양센터 노원센터","C0609522199","(재가노인복지시설) 재가노인복지시설","재가노인복지시설","자치구","박현옥","1135000000","노원구","서울특별시 노원구 동일로 1036, 5층 501호 (공릉동)","","","",""
"으뜸어르신 방문요양센터","C0609565380","(재가노인복지시설) 재가노인복지시설","재가노인복지시설","자치구","김오숙","1135000000","노원구","서울특별시 노원구 덕릉로73길 28, 205호 (중계동, 양지대림아파트)","","","",""
"섬기며케어 재가복지센터","C0609565390","(재가노인복지시설) 재가노인복지시설","재가노인복지시설","자치구","김영주","1135000000","노원구","서울특별시 노원구 한글비석로46가길 16, 102호 (상계동, 한신1차아파트상가1층)","","","",""
"(A)이레재가복지센터","C0609565397","(재가노인복지시설) 재가노인복지시설","재가노인복지시설","자치구","김미자","1135000000","노원구","서울특별시 노원구 한글비석로54길 116, 2층 204호 (상계동, 상계동13단지 상가)","","","",""
"단비 복지용구","C0609599873","(재가노인복지시설) 재가노인복지시설","재가노인복지시설","자치구","송남섭","1135000000","노원구","서울특별시 노원구 광운로2길 27, B1호 (월계동)","","","",""
"햇살방문요양복지센터","C0609599874","(재가노인복지시설) 재가노인복지시설","재가노인복지시설","자치구","김정현","1135000000","노원구","서울특별시 노원구 동일로 1551, 4층 404호 (상계동)","","","",""
"늘품요양원","C0609600128","(노인의료복지시설) 노인요양공동생활가정","노인의료복지시설","자치구","김정화","1135000000","노원구","서울특별시 노원구 한글비석로47길 58, 3층 (상계동)","","","",""
"누리봄데이케어","C0609600129","(재가노인복지시설) 재가노인복지시설","재가노인복지시설","자치구","강명희","1135000000","노원구","서울특별시 노원구 노원로 479, 4층 (상계동)","","","",""
"평화주야간보호센터","C0609600134","(재가노인복지시설) 재가노인복지시설","재가노인복지시설","자치구","유시정","1135000000","노원구","서울특별시 노원구 동일로173길 37, 2층 (공릉동)","","","",""
"토담방문요양센터","C0609600142","(재가노인복지시설) 재가노인복지시설","재가노인복지시설","자치구","강선미","1135000000","노원구","서울특별시 노원구 동일로 1701, 6층 615호 (상계동, 오피앙)","","","",""
"정 참좋은 돌봄재가노인복지센터","C0609600145","(재가노인복지시설) 재가노인복지시설","재가노인복지시설","자치구","정진","1135000000","노원구","서울특별시 노원구 중계로14길 28, 2층 (중계동)","","","",""
"늘품요양원","C0609616164","(노인의료복지시설) 노인요양공동생활가정","노인의료복지시설","자치구","김정화","1135000000","노원구","서울특별시 노원구 한글비석로47길 58, 3층 (상계동)","","","",""
"신기의료기 중계점","C0609620151","(재가노인복지시설) 재가노인복지시설","재가노인복지시설","자치구","정혜옥","1135000000","노원구","서울특별시 노원구 한글비석로 331, 1층 106호 (중계동)","","","",""
"단비 복지용구","C0609620156","(재가노인복지시설) 재가노인복지시설","재가노인복지시설","자치구","홍세미","1135000000","노원구","서울특별시 노원구 광운로2길 27, B1호 (월계동)","","","",""
"동행노인복지센터","C0609695163","(재가노인복지시설) 재가노인복지시설","재가노인복지시설","자치구","변혜경","1135000000","노원구","서울특별시 노원구 덕릉로 583, 1,2층 (중계동)","","","",""
"숲속데이케어&재가복지센터","C0609695165","(재가노인복지시설) 재가노인복지시설","재가노인복지시설","자치구","이소진","1135000000","노원구","서울특별시 노원구 초안산로 89 (월계동)","","","",""
"언제나 데이케어센터 노원도봉점","C0609695167","(재가노인복지시설) 재가노인복지시설","재가노인복지시설","자치구","이은영","1135000000","노원구","서울특별시 노원구 수락산로 232, 3층 (상계동, 미네르바 빌딩)","","","",""
"꽃동산재가복지센터","C0609695169","(재가노인복지시설) 재가노인복지시설","재가노인복지시설","자치구","김동신","1135000000","노원구","서울특별시 노원구 섬밭로 139, 201동 제지층 제비102호 (공릉동, 풍림아파트)","","","",""
"효심케어노인복지센터","C0609695171","(재가노인복지시설) 재가노인복지시설","재가노인복지시설","자치구","최길복","1135000000","노원구","서울특별시 노원구 한글비석로44길 60-19, B02호 (상계동)","","","",""
"참사랑재가노인복지센터","C0609695173","(재가노인복지시설) 재가노인복지시설","재가노인복지시설","자치구","신영심","1135000000","노원구","서울특별시 노원구 동일로239가길 9, 201호 (상계동)","","","",""
"희망드림재가복지센터","C0609695175","(재가노인복지시설) 재가노인복지시설","재가노인복지시설","자치구","최민경","1135000000","노원구","서울특별시 노원구 공릉로58길 74, 지하1층 (하계동)","","","",""
"조은케어 복지용구사업소","C0609712822","(재가노인복지시설) 재가노인복지시설","재가노인복지시설","자치구","박조성","1135000000","노원구","서울특별시 노원구 초안산로2길 91, 제101동 제지하층 제상가비01호 (월계동, 월계동 우남푸르미아 아파트)","","","",""
"노원성모재가센터","C0609719181","(재가노인복지시설) 재가노인복지시설","재가노인복지시설","자치구","이철수","1135000000","노원구","서울특별시 노원구 노원로 479, 3층 (상계동)","","","",""
"태릉365데이케어센터","C0609732772","(재가노인복지시설) 재가노인복지시설","재가노인복지시설","자치구","김은지","1135000000","노원구","서울특별시 노원구 화랑로 421, 3층 (공릉동, 한일휴니스빌)","","","",""
"노원에이스주간보호센터","C0609732774","(재가노인복지시설) 재가노인복지시설","재가노인복지시설","자치구","안지현","1135000000","노원구","서울특별시 노원구 노원로19길 33, 2층 201~204호 (중계동, 상원빌딩)","","","",""
"하은재가복지센터","C0609732776","(재가노인복지시설) 재가노인복지시설","재가노인복지시설","자치구","김영미","1135000000","노원구","서울특별시 노원구 마들로 59, 가동 2층 205-1호 (월계동, 월계미성아파트)","","","",""
"매일동행 재가복지센터","C0609732778","(재가노인복지시설) 재가노인복지시설","재가노인복지시설","자치구","유시은","1135000000","노원구","서울특별시 노원구 한글비석로 6, 118동 지하1층 3호 (하계동, 학여울청구아파트)","","","",""
"서울형키즈카페 노원구 상계2동점","C0609748414","(아동복지시설) 아동전용시설","아동복지시설","자치구","홍귀자","1135000000","노원구","서울특별시 노원구 상계로9나길 25 (상계동, 1층)","","","",""
"온마음재가복지센터","C0609749427","(재가노인복지시설) 재가노인복지시설","재가노인복지시설","자치구","안은경","1135000000","노원구","서울특별시 노원구 덕릉로127길 25, 101동 3층 304호 (상계동, 불암산센트럴아파트)","","","",""
"매일만나데이케어센터","C0609752143","(재가노인복지시설) 재가노인복지시설","재가노인복지시설","자치구","박남구","1135000000","노원구","서울특별시 노원구 상계로27길 12, 2층 201호 (상계동, 경인빌딩)","","","",""
"가온데이케어센터","C0609752144","(재가노인복지시설) 재가노인복지시설","재가노인복지시설","자치구","박종영","1135000000","노원구","서울특별시 노원구 상계로9길 23, 4,5층 (상계동, 사용빌딩)","","","",""
"온담공릉데이케어센터","C0609765220","(재가노인복지시설) 재가노인복지시설","재가노인복지시설","자치구","이초우","1135000000","노원구","서울특별시 노원구 공릉로 181, 2층 (공릉동, 대상빌딩)","","","",""
"고마운재가복지센터","C0609776294","(재가노인복지시설) 재가노인복지시설","재가노인복지시설","자치구","임지훈","1135000000","노원구","서울특별시 노원구 상계로9나길 22, 1층 101호 (상계동)","","","",""
"돌봄지기 재가복지센터","C0609776295","(재가노인복지시설) 재가노인복지시설","재가노인복지시설","자치구","백휘정","1135000000","노원구","서울특별시 노원구 노원로1길 74, 지층 A호 (공릉동)","","","",""
"두이홈재가노인복지센터 노원점","C0609776301","(재가노인복지시설) 재가노인복지시설","재가노인복지시설","자치구","김정생","1135000000","노원구","서울특별시 노원구 월계로 370, 1층 128호 (월계동, 희성프라자)","","","",""
"노원구 아동보호전문기관","C0609776660","(아동복지시설) 아동보호전문기관","아동복지시설","자치구","신선옥","1135000000","노원구","서울특별시 노원구 노해로 437 (상계동)","","","",""
"동천하우스1","C0778","(장애인거주시설) 장애인공동생활가정","장애인거주시설","자치구","김영문","1135000000","노원구","서울특별시 노원구 동일로237바길 8, 3층 (상계동)","","","",""
"동천하우스2","C0779","(장애인거주시설) 장애인공동생활가정","장애인거주시설","자치구","김영문","1135000000","노원구","서울특별시 노원구 한글비석로24바길 98 (상계동,지성리치빌 201호)","","","",""
"해맑음보호작업시설","C0783","(장애인직업재활시설) 장애인+보호작업장","장애인직업재활시설","자치구","최민량","1135000000","노원구","서울특별시 노원구 동일로 1097 (공릉동)","","","",""
"그루터기공동생활가정","C0795","(장애인거주시설) 장애인공동생활가정","장애인거주시설","자치구","이수남","1135000000","노원구","서울특별시 노원구 동일로191가길 26, 101동 203호 (공릉동, 남청파인힐아파트)","","","",""
"가브리엘작업장","C0833","(장애인직업재활시설) 장애인+보호작업장","장애인직업재활시설","자치구","이재성","1135000000","노원구","서울특별시 노원구 한글비석로24라길 서울특별시 노원구 한글비석로24라길","","","",""
"가브리엘주간보호센터","C0835","(장애인지역사회재활시설) 장애인주간이용시설","장애인지역사회재활시설","자치구","김은주","1135000000","노원구","서울특별시 노원구 한글비석로24라길 94-13 (상계동)","","","",""
"발달장애인단기거주시설 동천휴","C0907","(장애인거주시설) 장애인단기거주시설","장애인거주시설","자치구","김정숙","1135000000","노원구","서울특별시 노원구 노원로18길 41 (하계동)","","","",""
"동천발달장애인주간활동센터","C0908","(장애인지역사회재활시설) 장애인주간이용시설","장애인지역사회재활시설","자치구","김정숙","1135000000","노원구","서울특별시 노원구 노원로18길 41 (하계동)","","","",""
"섬김주간보호센터","C0913","(장애인지역사회재활시설) 장애인주간이용시설","장애인지역사회재활시설","자치구","정연숙","1135000000","노원구","서울특별시 노원구 덕릉로70가길 92 (상계동, 북부장애인종합복지관 3층)","","","",""
"북부장애인직업재활시설","C0939","(장애인직업재활시설) 장애인+보호작업장","장애인직업재활시설","자치구","장남숙","1135000000","노원구","서울특별시 노원구 상계동 771 ","","","",""
"대린직업훈련원","C0950","(장애인직업재활시설) 장애인+직업적응훈련시설","장애인직업재활시설","자치구","정용춘","1135000000","노원구","서울특별시 노원구 동일로248길 30 (상계동)","","","",""
"아람마을","C1090","(장애인직업재활시설) 장애인+보호작업장","장애인직업재활시설","자치구","조두현","1135000000","노원구","서울특별시 노원구 월계로 338-16 (월계동)","","","",""
"사랑샘","C1193","(장애인거주시설) 장애인단기거주시설","장애인거주시설","자치구","안상호","1135000000","노원구","서울특별시 노원구 중계로 163 (중계동)","","","",""
"성민장애인주간이용센터","C1230","(장애인지역사회재활시설) 장애인주간이용시설","장애인지역사회재활시설","자치구","양인숙","1135000000","노원구","서울특별시 노원구 노원로 440, 4층 (상계동, 순복음비전센터)","","","",""
"다운주간보호센터","C1316","(장애인지역사회재활시설) 장애인주간이용시설","장애인지역사회재활시설","자치구","김미정","1135000000","노원구","서울특별시 노원구 화랑로 478 (공릉동)","","","",""
"노원1장애인주간보호센터","C1422","(장애인지역사회재활시설) 장애인주간이용시설","장애인지역사회재활시설","자치구","최혜숙","1135000000","노원구","서울특별시 노원구 월계로 372 (월계동)","","","",""
"북부(종합사회복지관)장애인주간보호센터","C1430","(장애인지역사회재활시설) 장애인주간이용시설","장애인지역사회재활시설","자치구","오승아","1135000000","노원구","서울특별시 노원구 동일로245길 56 (상계동)","","","",""
"중계2호 그룹홈","C1450","(장애인거주시설) 장애인공동생활가정","장애인거주시설","자치구","윤수정","1135000000","노원구","서울특별시 노원구 노원로19길 31, 412동 1층 105호 (중계동, 시영4단지목화아파트)","","","",""
"상계(종합사회복지관)장애인주간보호센터","C1451","(장애인지역사회재활시설) 장애인주간이용시설","장애인지역사회재활시설","자치구","신혜선","1135000000","노원구","서울특별시 노원구 덕릉로115나길 25 (상계동)","","","",""
"평화장애인주간활동센터","C1452","(장애인지역사회재활시설) 장애인주간이용시설","장애인지역사회재활시설","자치구","김은영","1135000000","노원구","서울특별시 노원구 노원로 331 (중계동)","","","",""
"노원시각장애인주간보호센터","C1495","(장애인지역사회재활시설) 장애인주간이용시설","장애인지역사회재활시설","자치구","서금희","1135000000","노원구","서울특별시 노원구 상계로23길 42 (상계동)","","","",""
"오뚜기뇌성마비인재가복지봉사센터","C1678","(장애인지역사회재활시설) 장애인복지관","장애인지역사회재활시설","자치구","이진명","1135000000","노원구","서울특별시 노원구 상계동 771 ","","","",""
"동천재활체육시설","C1686","(장애인지역사회재활시설) 장애인체육시설","장애인지역사회재활시설","자치구","이정훈","1135000000","노원구","서울특별시 노원구 노원로18길 41 (하계동)","","","",""
"오뚜기뇌성마비인주간보호센터","C1695","(장애인지역사회재활시설) 장애인주간이용시설","장애인지역사회재활시설","자치구","송주혜","1135000000","노원구","서울특별시 노원구 상계동 771 ","","","",""
"하하센터","C1721","(장애인지역사회재활시설) 장애인주간이용시설","장애인지역사회재활시설","자치구","신윤아","1135000000","노원구","서울특별시 노원구 한글비석로24가길 72-20 (상계동)","","","",""
"중계종합사회복지관장애인주간보호센터","C1742","(장애인지역사회재활시설) 장애인주간이용시설","장애인지역사회재활시설","자치구","김명숙","1135000000","노원구","서울특별시 노원구 덕릉로 662 (중계동)","","","",""
"노원구수어통역센터","C1751","(장애인지역사회재활시설) 수어통역센터","장애인지역사회재활시설","자치구","우정목","1135000000","노원구","서울특별시 노원구 상계로23길 17, 2층 (상계동)","","","",""
"동천일리하우스","C1930","(장애인거주시설) 중증장애인거주시설","장애인거주시설","자치구","김미향","1135000000","노원구","서울특별시 노원구 노원로18길 41 (하계동)","","","",""
"다복스위트홈","C2068","(장애인거주시설) 장애인공동생활가정","장애인거주시설","자치구","신명진","1135000000","노원구","서울특별시 노원구 상계로5길 22-9, 402 (상계동)","","","",""
"성민복지관","C2280","(장애인지역사회재활시설) 장애인복지관","장애인지역사회재활시설","자치구","양인숙","1135000000","노원구","서울특별시 노원구 노원로32길 30-3 (상계동)","","","",""
"서울시립뇌성마비복지관","C5106","(장애인지역사회재활시설) 장애인복지관","장애인지역사회재활시설","자치구","송주혜","1135000000","노원구","서울특별시 노원구 상계동 771 번지","","","",""
"서울시립상이군경복지관","C5107","(장애인지역사회재활시설) 장애인복지관","장애인지역사회재활시설","자치구","황준호","1135000000","노원구","서울특별시 노원구 덕릉로70가길 73 (상계동)","","","",""
"다운인의 집","C6851","(장애인거주시설) 장애인공동생활가정","장애인거주시설","자치구","신명진","1135000000","노원구","서울특별시 노원구 노원로1길 21, 902동 11층 2호 (공릉동, 청솔아파트)","","","",""
"아름다운집","C6983","(장애인거주시설) 장애인공동생활가정","장애인거주시설","자치구","신명진","1135000000","노원구","서울특별시 노원구 공릉로62길 8-9, 3층 2호 (하계동, 풍진빌라 B동)","","","",""
"서울시립노원시각장애인복지관","C7664","(장애인지역사회재활시설) 장애인복지관","장애인지역사회재활시설","자치구","김훈","1135000000","노원구","서울특별시 노원구 덕릉로70가길 98 (상계동)","","","",""
"내일을 꿈꾸는 사람들","C8008","(장애인거주시설) 장애인공동생활가정","장애인거주시설","자치구","김훈","1135000000","노원구","서울특별시 노원구 동일로237바길 11-8 (상계동)","","","",""
"동천하우스6","C8266","(장애인거주시설) 장애인공동생활가정","장애인거주시설","자치구","김영문","1135000000","노원구","서울특별시 노원구 한글비석로50길 12, 3층 1호 (상계동)","","","",""
"내일을꿈꾸는사람들2호","C8377","(장애인거주시설) 장애인공동생활가정","장애인거주시설","자치구","김훈","1135000000","노원구","서울특별시 노원구 동일로237다길 37, 201,301호 (상계동, 풀내음파크빌)","","","",""
"베데스다직업적응훈련시설","C9190","(장애인직업재활시설) 장애인+직업적응훈련시설","장애인직업재활시설","자치구","이현숙","1135000000","노원구","서울특별시 노원구 공릉로58마길 27 (하계동)","","","",""
"하계장애인주간활동센터","C9214","(장애인지역사회재활시설) 장애인주간이용시설","장애인지역사회재활시설","자치구","현혜영","1135000000","노원구","서울특별시 노원구 노원로16길 15 (하계동, 중계9단지주공영구임대아파트)","","","",""
"킨더윌언어심리전문센터","C9503","(장애인지역사회재활시설) 장애인재활치료시설","장애인지역사회재활시설","자치구","이유진","1135000000","노원구","서울특별시 노원구 상계로23다길 13-8, 1층 107-1,7,8호 (상계동, 노원아이파크)","","","",""
"선한이웃 재활운동발달센터","C9546","(장애인지역사회재활시설) 장애인재활치료시설","장애인지역사회재활시설","자치구","정명철","1135000000","노원구","서울특별시 노원구 공릉로58길 112, 3층 1호 (하계동, 순흥아트빌)","","","",""
"동광모자원","D0001","(한부모가족복지시설) 생활지원시설","한부모가족복지시설","자치구","명은주","1135000000","노원구","서울특별시 노원구 덕릉로 623-1 (중계동)","","","",""
"선한이웃재활운동발달센터","F04401","(장애인지역사회재활시설) 장애인재활치료시설","장애인지역사회재활시설","자치구","정명철","1135000000","노원구","서울특별시 노원구 공릉로58길 112301호 (하계동, 순흥빌라트)","","","",""
"킨더윌언어심리전문센터","F04402","(장애인지역사회재활시설) 장애인재활치료시설","장애인지역사회재활시설","자치구","이유진","1135000000","노원구","서울특별시 노원구 상계로23다길 13-8107호 (상계동, 노원 아이파크)","","","",""
"노원구정신건강복지센터","F0447","(정신건강증진기관) 정신건강복지+지역센터","정신건강증진기관","자치구","이규영","1135000000","노원구","서울특별시 노원구 노해로 455, 5층 (상계동, 인산빌딩)","","","",""
"하늘품의집지역아동센터","F04689","(아동복지시설) 지역아동센터","아동복지시설","자치구","최형원","1135000000","노원구","서울특별시 노원구 상계로23다길 33하늘품의집지역아동센터 (상계동)","","","",""
"삼정학교지역아동센터","F04699","(아동복지시설) 지역아동센터","아동복지시설","자치구","유현경","1135000000","노원구","서울특별시 노원구 동일로215길 481층 (상계동, 상계주공3단지아파트)","","","",""
"구립노원청소년지역아동센터","F04757","(아동복지시설) 지역아동센터","아동복지시설","자치구","김현숙","1135000000","노원구","서울특별시 노원구 덕릉로86길 52층 (중계동)","","","",""
"구립 수락노인종합복지관","F14041","(노인여가복지시설) 노인복지관","노인여가복지시설","자치구","장지연","1135000000","노원구","서울특별시 노원구 수락산로 214상계동 (상계동)","","","",""
"태릉데이케어센터","G0101","(재가노인복지시설) 재가노인복지시설","재가노인복지시설","자치구","김성환","1135000000","노원구","서울특별시 노원구 동일로176길 47-18 (공릉동)","","","",""
"부모사랑데이케어센터","G0455","(재가노인복지시설) 재가노인복지시설","재가노인복지시설","자치구","문지현","1135000000","노원구","서울특별시 노원구 광운로 48, 2층 (월계동)","","","",""
"소나무 노인방문 요양센터","G1301","(장기요양시설) 장기요양기관","장기요양시설","자치구","","1135000000","노원구","서울특별시 노원구 석계로11길 33, 1층 (월계동)","","","",""
"A+행복한그린요양원","G1585","(노인의료복지시설) 노인요양시설","노인의료복지시설","자치구","박기숙","1135000000","노원구","서울특별시 노원구 동일로230나길 23 (상계동)","","","",""
"노원50플러스센터","G2529","(노인여가복지시설) 노인휴양소","노인여가복지시설","자치구","장부경","1135000000","노원구","서울특별시 노원구 노원로30길 73 (상계동)","","","",""
"효사랑나눔데이케어센터","G2874","(재가노인복지시설) 재가노인복지시설","재가노인복지시설","자치구","변계봉","1135000000","노원구","서울특별시 노원구 덕릉로 712-4, 2,3,4층 (중계동)","","","",""
"수락데이케어센터","G3039","(재가노인복지시설) 재가노인복지시설","재가노인복지시설","자치구","장현준","1135000000","노원구","서울특별시 노원구 수락산로 222, 4층 (상계동)","","","",""
"상계요양원","G3121","(노인의료복지시설) 노인요양시설","노인의료복지시설","자치구","정민경","1135000000","노원구","서울특별시 노원구 동일로242바길 27 (상계동)","","","",""
"효누리요양원","G3257","(노인의료복지시설) 노인요양공동생활가정","노인의료복지시설","자치구","김태연","1135000000","노원구","서울특별시 노원구 한글비석로 422, 3층 (상계동)","","","",""
"공릉데이케어센터","G3291","(재가노인복지시설) 재가노인복지시설","재가노인복지시설","자치구","노유환","1135000000","노원구","서울특별시 노원구 동일로 1127 (공릉동)","","","",""
"러빙케어","G3646","(노인의료복지시설) 노인요양시설","노인의료복지시설","자치구","이대석","1135000000","노원구","서울특별시 노원구 상계로1길 54-4, 207, 307호 (상계동, 상계동센트럴타워)","","","",""
"월계노인복지관","G4109","(노인여가복지시설) 노인복지관","노인여가복지시설","자치구","김현범","1135000000","노원구","서울특별시 노원구 월계로42길 9 (월계동)","","","",""
"고수련노인복지센터","G5036","(재가노인복지시설) 재가노인복지시설","재가노인복지시설","자치구","도은숙","1135000000","노원구","서울특별시 노원구 노원로34길 102, 2층 (상계동)","","","",""
"늘봄요양원","G5049","(노인의료복지시설) 노인요양공동생활가정","노인의료복지시설","자치구","문덕흥","1135000000","노원구","서울특별시 노원구 한글비석로47길 58, 2층 (상계동)","","","",""
"늘봄데이케어센터","G5050","(재가노인복지시설) 재가노인복지시설","재가노인복지시설","자치구","문덕흥","1135000000","노원구","서울특별시 노원구 한글비석로47길 58, 2층 (상계동, 우림빌딩)","","","",""
"노원시니어클럽","G5120","(노인일자리지원기관) 노인일자리지원기관","노인일자리지원기관","자치구","강은경","1135000000","노원구","서울특별시 노원구 동일로239다길 19, 2층 (상계동)","","","",""
"늘푸른데이케어센터","G5224","(재가노인복지시설) 재가노인복지시설","재가노인복지시설","자치구","강기운","1135000000","노원구","서울특별시 노원구 공릉로43길 18, 2층 (공릉동)","","","",""
"88재활데이케어센터","G5318","(재가노인복지시설) 재가노인복지시설","재가노인복지시설","자치구","김현승","1135000000","노원구","서울특별시 노원구 상계로27길 12 (상계동, 401호,402호,501호,502호,503호)","","","",""
"나무 주간보호센터","G5633","(재가노인복지시설) 재가노인복지시설","재가노인복지시설","자치구","고유성","1135000000","노원구","서울특별시 노원구 화랑로 463, 2층 (공릉동)","","","",""
"가족마음요양원","G5910","(노인의료복지시설) 노인요양공동생활가정","노인의료복지시설","자치구","심기술","1135000000","노원구","서울특별시 노원구 한글비석로47길 58, 5층 (상계동)","","","",""
"중계재가복지센터","G6018","(재가노인복지시설) 재가노인복지시설","재가노인복지시설","자치구","주은하","1135000000","노원구","서울특별시 노원구 중계로 90, 209호 (중계동, 우암타운)","","","",""
"복지세상 사회적협동조합 방문목욕센터","G6227","(재가노인복지시설) 재가노인복지시설","재가노인복지시설","자치구","노유환","1135000000","노원구","서울특별시 노원구 동일로 1127, 3층 1호 (공릉동, 공릉종합사회복지관)","","","",""
"늘푸른돌봄센터 노원중랑점","G6461","(재가노인복지시설) 재가노인복지시설","재가노인복지시설","자치구","문호영","1135000000","노원구","서울특별시 노원구 노원로 333, 209호 (중계동)","","","",""
"노원복지용구","G7112","(재가노인복지시설) 재가노인복지시설","재가노인복지시설","자치구","강승희","1135000000","노원구","서울특별시 노원구 상계로 193-14, 지층 2,3호 (상계동, 상계대림쇼핑센터)","","","",""
"소명 재가 노인복지시설 센터","G7135","(재가노인복지시설) 재가노인복지시설","재가노인복지시설","자치구","최수현","1135000000","노원구","서울특별시 노원구 덕릉로126라길 25, 1층 제02호 (상계동)","","","",""
"솔향주야간보호센터","G7634","(재가노인복지시설) 재가노인복지시설","재가노인복지시설","자치구","이규면","1135000000","노원구","서울특별시 노원구 한글비석로15길 27, 6층 (중계동, 월산빌딩)","","","",""
"담터재가복지센터","G7809","(재가노인복지시설) 재가노인복지시설","재가노인복지시설","자치구","조영진","1135000000","노원구","서울특별시 노원구 공릉로 154-13, B02호 (공릉동)","","","",""
"수락재가요양센터","G7841","(재가노인복지시설) 재가노인복지시설","재가노인복지시설","자치구","고정희","1135000000","노원구","서울특별시 노원구 동일로241나길 4, 1층 102호 (상계동)","","","",""
"고운복지센터","G7872","(재가노인복지시설) 재가노인복지시설","재가노인복지시설","자치구","김소라","1135000000","노원구","서울특별시 노원구 동일로227길 86, 1606동 108호 (상계동, 상계주공16단지아파트)","","","",""
"(주)가온사랑재가복지센터","G8536","(재가노인복지시설) 재가노인복지시설","재가노인복지시설","자치구","강용구","1135000000","노원구","서울특별시 노원구 동일로195길 7, 4층 401호 (공릉동)","","","",""
"'(A)비지팅엔젤스 노원공릉방문요양지점","G8557","(재가노인복지시설) 재가노인복지시설","재가노인복지시설","자치구","이성근","1135000000","노원구","서울특별시 노원구 동일로173가길 81, 203호 (공릉동)","","","",""
"노원시니어방문요양센터","G8809","(재가노인복지시설) 재가노인복지시설","재가노인복지시설","자치구","차주영","1135000000","노원구","서울특별시 노원구 섬밭로 263, 지층 1호 (중계동, 롯데상가)","","","",""
"월계효사랑나눔센터","G9005","(재가노인복지시설) 재가노인복지시설","재가노인복지시설","자치구","홍혜순","1135000000","노원구","서울특별시 노원구 광운로12길 6 (월계동)","","","",""
"정다운재가복지센터","G9194","(재가노인복지시설) 재가노인복지시설","재가노인복지시설","자치구","조민자","1135000000","노원구","서울특별시 노원구 덕릉로118길 29, 3층 310호 (상계동, 불암현대아파트상가)","","","",""
"다담 노인복지센터","G9242","(재가노인복지시설) 재가노인복지시설","재가노인복지시설","자치구","정규택","1135000000","노원구","서울특별시 노원구 노원로16길 15, 1층 10호 (하계동, 중계9단지주공영구임대아파트상가)","","","",""
"좋은만남 방문요양센터","G9314","(재가노인복지시설) 재가노인복지시설","재가노인복지시설","자치구","장정애","1135000000","노원구","서울특별시 노원구 노원로19길 23, 상가동 2층 205-5호 (중계동)","","","",""
"(주)가온사랑복지용구","G9614","(재가노인복지시설) 재가노인복지시설","재가노인복지시설","자치구","나은설","1135000000","노원구","서울특별시 노원구 동일로195길 7, 4층 (공릉동)","","","",""
"수남 플러스 재가센터","G9783","(재가노인복지시설) 재가노인복지시설","재가노인복지시설","자치구","이경희","1135000000","노원구","서울특별시 노원구 월계로 325, 2층 201호 (월계동, 복합상가)","","","",""
"오순도순재가복지센터","G9826","(재가노인복지시설) 재가노인복지시설","재가노인복지시설","자치구","김미정","1135000000","노원구","서울특별시 노원구 노원로38길 76, 102동 103호 (상계동)","","","",""
"가온누리방문요양센터","G9921","(재가노인복지시설) 재가노인복지시설","재가노인복지시설","자치구","윤석희","1135000000","노원구","서울특별시 노원구 한글비석로49길 27, 1층 (상계동)","","","",""
"서울실버케어노인요양원","J0497","(노인의료복지시설) 노인요양시설","노인의료복지시설","자치구","김정분","1135000000","노원구","서울특별시 노원구 한글비석로44길 31, 2,3,4층 (상계동)","","","",""
"노원이레케어","J3777","(장기요양시설) 장기요양기관","장기요양시설","자치구","","1135000000","노원구","서울특별시 노원구 동일로175길 39, 101호 (공릉동)","","","",""
"사랑과섬김 재가복지센터","J3784","(장기요양시설) 장기요양기관","장기요양시설","자치구","","1135000000","노원구","서울특별시 노원구 상계로 193-14, 2층 208호 (상계동, 대림아파트 대림종합상가)","","","",""
"행복실버케어","J3802","(장기요양시설) 장기요양기관","장기요양시설","자치구","","1135000000","노원구","서울특별시 노원구 화랑로 441, 905호 (공릉동)","","","",""
"노원실버사랑 간호요양센터","J3805","(장기요양시설) 장기요양기관","장기요양시설","자치구","","1135000000","노원구","서울특별시 노원구 노원로 434, 205호 (상계동, 중앙하이츠2차아파트상가)","","","",""
"재가복지센터 온누리","J3825","(장기요양시설) 장기요양기관","장기요양시설","자치구","","1135000000","노원구","서울특별시 노원구 한글비석로 396, 109동 2층 34,35호 (상계동, 벽산아파트)","","","",""
"경희간호요양센터","J3844","(장기요양시설) 장기요양기관","장기요양시설","자치구","","1135000000","노원구","서울특별시 노원구 동일로 1700, 1118호 (상계동, 토마토파르코)","","","",""
"(A)실버천사 방문요양센터","J4001","(장기요양시설) 장기요양기관","장기요양시설","자치구","","1135000000","노원구","서울특별시 노원구 공릉로58길 126, 지층 (하계동)","","","",""
"나눔과행복","J4057","(장기요양시설) 장기요양기관","장기요양시설","자치구","","1135000000","노원구","서울특별시 노원구 광운로 17-11 (월계동,2층)","","","",""
"'(I)아이실버케어서비스' 노원상계센터","J4423","(장기요양시설) 장기요양기관","장기요양시설","자치구","","1135000000","노원구","서울특별시 노원구 동일로 1370, 4층 1호 (상계동, 현대프라자)","","","",""
"희망 방문요양센터","J4620","(장기요양시설) 장기요양기관","장기요양시설","자치구","","1135000000","노원구","서울특별시 노원구 동일로 1493 (상계동,주공10단지 종합상가 B-42)","","","",""
"삼성노인복지센터","J4642","(장기요양시설) 장기요양기관","장기요양시설","자치구","","1135000000","노원구","서울특별시 노원구 노원로 547, 3층 306호 (상계동, 임광아파트 상가)","","","",""
"부모사랑 사회복지센터","J4700","(장기요양시설) 장기요양기관","장기요양시설","자치구","","1135000000","노원구","서울특별시 노원구 광운로 48, 2층 (월계동)","","","",""
"부자노인복지센터","J4797","(장기요양시설) 장기요양기관","장기요양시설","자치구","","1135000000","노원구","서울특별시 노원구 한글비석로 89, 201동 306 일부호 (하계동, 하계1차청구아파트 상가)","","","",""
"파티마재가복지센터","J5662","(장기요양시설) 장기요양기관","장기요양시설","자치구","","1135000000","노원구","서울특별시 노원구 중계로 160, 2층 207호 (중계동, 화인상가)","","","",""
"고수련노인복지센터","J5746","(장기요양시설) 장기요양기관","장기요양시설","자치구","","1135000000","노원구","서울특별시 노원구 노원로34길 102, 2층 (상계동)","","","",""
"나눔과사랑 노인방문요양센터","J5902","(장기요양시설) 장기요양기관","장기요양시설","자치구","","1135000000","노원구","서울특별시 노원구 한글비석로 89, 2층 208호 (하계동, 하계1차청구아파트 정문상가)","","","",""
"사회복지법인 한국봉사회 북부다나을방문요양센터","J6420","(장기요양시설) 장기요양기관","장기요양시설","자치구","","1135000000","노원구","서울특별시 노원구 동일로245길 56, 4층 (상계동, 북부종합사회복지관)","","","",""
"희망씨앗 재가복지센터","J6474","(장기요양시설) 장기요양기관","장기요양시설","자치구","","1135000000","노원구","서울특별시 노원구 월계로 370, B동 309호 (월계동, 희성프라자)","","","",""
"참빛 재가복지센터","J6477","(장기요양시설) 장기요양기관","장기요양시설","자치구","","1135000000","노원구","서울특별시 노원구 상계로 193-14, 2층 202호 (상계동, 상계대림종합상가)","","","",""
"예은재가복지센터","J8905","(장기요양시설) 장기요양기관","장기요양시설","자치구","","1135000000","노원구","서울특별시 노원구 덕릉로 804 (상계동, 지층101호)","","","",""
"청지기재가센터","J9842","(장기요양시설) 장기요양기관","장기요양시설","자치구","","1135000000","노원구","서울특별시 노원구 화랑로 449-7, 504호 (공릉동, 로우폴리스)","","","",""
"공립불암골지역아동센터","K0016","(아동복지시설) 지역아동센터","아동복지시설","자치구","김혜원","1135000000","노원구","서울특별시 노원구 중계로14길 53 (중계동, 불암골행복발전소)","","","",""
"구립노원1지역아동센터","K0071","(아동복지시설) 지역아동센터","아동복지시설","자치구","정신희","1135000000","노원구","서울특별시 노원구 월계로55길 16, 관리동 1층 (월계동, 월계사슴2단지아파트)","","","",""
"구립꿈나무지역아동센터","K0145","(아동복지시설) 지역아동센터","아동복지시설","자치구","김영은","1135000000","노원구","서울특별시 노원구 동일로186길 3-24, 1층 (공릉동, 공릉1동 주민센터)","","","",""
"구립한내지혜의숲지역아동센터","K0192","(아동복지시설) 지역아동센터","아동복지시설","자치구","박정옥","1135000000","노원구","서울특별시 노원구 마들로 86 (월계동, 한내지혜의숲)","","","",""
"구립하계지역아동센터","K0272","(아동복지시설) 지역아동센터","아동복지시설","자치구","고영자","1135000000","노원구","서울특별시 노원구 노원로16길 15, 3층 (하계동, 하계종합사회복지관)","","","",""
"구립수락지역아동센터","K0379","(아동복지시설) 지역아동센터","아동복지시설","자치구","이태성","1135000000","노원구","서울특별시 노원구 동일로242길 77, 상계1동 2층 (상계동, 수락행복발전소)","","","",""
"구립월계문화지역아동센터","K0390","(아동복지시설) 지역아동센터","아동복지시설","자치구","김미숙","1135000000","노원구","서울특별시 노원구 월계로42길 9, 2층 (월계동, 월계문화복지센터)","","","",""
"상계10단지아이휴센터","K0559","(다함께돌봄센터) 다함께돌봄센터","다함께돌봄센터","자치구","권미정","1135000000","노원구","서울특별시 노원구 노원로 564, 1021동 1층 104호 (상계동, 상계주공10단지아파트)","","","",""
"달빛마실아이휴센터","K0560","(다함께돌봄센터) 다함께돌봄센터","다함께돌봄센터","자치구","전민선","1135000000","노원구","서울특별시 노원구 광운로13길 9 (월계동)","","","",""
"상계5간촌아이휴센터","K0561","(다함께돌봄센터) 다함께돌봄센터","다함께돌봄센터","자치구","조미랑","1135000000","노원구","서울특별시 노원구 한글비석로49길 36, 1층 (상계동)","","","",""
"월계문화아이휴센터","K0574","(다함께돌봄센터) 다함께돌봄센터","다함께돌봄센터","자치구","김양미","1135000000","노원구","서울특별시 노원구 월계로42길 9, 2층 (월계동)","","","",""
"월계그랑빌 아이휴센터","K0595","(다함께돌봄센터) 다함께돌봄센터","다함께돌봄센터","자치구","유지은","1135000000","노원구","서울특별시 노원구 마들로 31, 115동 1층 104호 (월계동, 그랑빌아파트)","","","",""
"공릉태강 아이휴센터","K0597","(다함께돌봄센터) 다함께돌봄센터","다함께돌봄센터","자치구","박천희","1135000000","노원구","서울특별시 노원구 공릉로34길 62, 1002동 1층 101호 (공릉동, 태강아파트)","","","",""
"하계극동 아이휴센터","K0602","(다함께돌봄센터) 다함께돌봄센터","다함께돌봄센터","자치구","신숙희","1135000000","노원구","서울특별시 노원구 섬밭로 229, 3동 1층 111호 (하계동)","","","",""
"상계7단지 아이휴센터","K0677","(다함께돌봄센터) 다함께돌봄센터","다함께돌봄센터","자치구","유순영","1135000000","노원구","서울특별시 노원구 상계로1길 92, 718동 1층 106호 (상계동, 상계주공7단지아파트)","","","",""
"공릉라이프 아이휴센터","K0684","(다함께돌봄센터) 다함께돌봄센터","다함께돌봄센터","자치구","한혜란","1135000000","노원구","서울특별시 노원구 섬밭로 123, 2층 (공릉동, 공릉아파트 관리동)","","","",""
"산마루아이휴센터","K0705","(다함께돌봄센터) 다함께돌봄센터","다함께돌봄센터","자치구","김희정","1135000000","노원구","서울특별시 노원구 중계로12길 24, 103동 103호 (중계동, 중계동금호타운)","","","",""
"상계15단지아이휴센터","K0747","(다함께돌봄센터) 다함께돌봄센터","다함께돌봄센터","자치구","남승희","1135000000","노원구","서울특별시 노원구 동일로227길 26, 1510동 1층 107, 108호 (상계동, 상계주공15단지아파트)","","","",""
"은빛1단지아이휴센터","K0776","(다함께돌봄센터) 다함께돌봄센터","다함께돌봄센터","자치구","박소현","1135000000","노원구","서울특별시 노원구 동일로245길 은빛아파트 109 동 108 호","","","",""
"월계극동 아이휴센터","K0786","(다함께돌봄센터) 다함께돌봄센터","다함께돌봄센터","자치구","박행형","1135000000","노원구","서울특별시 노원구 덕릉로60길 266, 102동 1층 5호 (월계동, 월계극동아파트)","","","",""
"상계동아불암아이휴센터","K0798","(다함께돌봄센터) 다함께돌봄센터","다함께돌봄센터","자치구","최희숙","1135000000","노원구","서울특별시 노원구 덕릉로 780, 102동 1층 101호 (상계동, 동아불암아파트)","","","",""
"상계다락아이휴센터","K0826","(다함께돌봄센터) 다함께돌봄센터","다함께돌봄센터","자치구","손민경","1135000000","노원구","서울특별시 노원구 한글비석로 426-12, 3층 (상계동)","","","",""
"상계두산융합형 아이휴센터","K0839","(다함께돌봄센터) 다함께돌봄센터","다함께돌봄센터","자치구","정명희","1135000000","노원구","서울특별시 노원구 동일로241길 53 (상계동, 두산아파트 관리사무소2층)","","","",""
"상계6단지 아이휴센터","K0883","(다함께돌봄센터) 다함께돌봄센터","다함께돌봄센터","자치구","김영미","1135000000","노원구","서울특별시 노원구 노해로 508, 623동 101,102호 (상계동, 상계주공6단지아파트)","","","",""
"중계무지개 아이휴센터","K0932","(다함께돌봄센터) 다함께돌봄센터","다함께돌봄센터","자치구","임인식","1135000000","노원구","서울특별시 노원구 동일로208길 19, 201동 1층 104호 (중계동, 중계무지개아파트)","","","",""
"상계1단지 아이휴센터","K0951","(다함께돌봄센터) 다함께돌봄센터","다함께돌봄센터","자치구","정선희","1135000000","노원구","서울특별시 노원구 덕릉로 459-21, 111동 1층 1호 (상계동, 상계주공1단지아파트)","","","",""
"상계12단지 아이휴센터","K1002","(다함께돌봄센터) 다함께돌봄센터","다함께돌봄센터","자치구","한정원","1135000000","노원구","서울특별시 노원구 한글비석로 530, 1207동 106호 (상계동, 상계12단지)","","","",""
"서울특별시 제1호(노원?도봉권) 거점형 키움센터","K1019","(다함께돌봄센터) 다함께돌봄센터","다함께돌봄센터","자치구","고정아","1135000000","노원구","서울특별시 노원구 동일로231다길 10 (상계동, 다길 10)","","","",""
"노원융합형아이휴센터","K1036","(다함께돌봄센터) 다함께돌봄센터","다함께돌봄센터","자치구","이희승","1135000000","노원구","서울특별시 노원구 덕릉로70길 100 (상계동)","","","",""
"상계보람2단지아이휴센터","K1037","(다함께돌봄센터) 다함께돌봄센터","다함께돌봄센터","자치구","김수미","1135000000","노원구","서울특별시 노원구 한글비석로 480, 208동 102호 (상계동, 보람아파트2단지)","","","",""
"하늘품의집지역아동센터","K1187","(아동복지시설) 지역아동센터","아동복지시설","자치구","김성주","1135000000","노원구","서울특별시 노원구 상계로23다길 33 (상계동)","","","",""
"공릉비선 아이휴센터","K1231","(다함께돌봄센터) 다함께돌봄센터","다함께돌봄센터","자치구","김라영","1135000000","노원구","서울특별시 노원구 화랑로51길 78, 504동 1층 5호 (공릉동, 비선아파트)","","","",""
"삼정학교지역아동센터","K1515","(아동복지시설) 지역아동센터","아동복지시설","자치구","서기주","1135000000","노원구","서울특별시 노원구 동일로215길 48, 1층 (상계동, 선천교회)","","","",""
"구립노원청소년지역아동센터","K1680","(아동복지시설) 지역아동센터","아동복지시설","자치구","김현숙","1135000000","노원구","서울특별시 노원구 덕릉로86길 5, 2층 (중계동)","","","",""
"하계어울림융합형 아이휴센터","K2056","(다함께돌봄센터) 다함께돌봄센터","다함께돌봄센터","자치구","민경희","1135000000","노원구","서울특별시 노원구 공릉로62길 18, 3층 (하계동, 하계어울림센터)","","","",""
"중계온마을 아이휴센터","K2114","(다함께돌봄센터) 다함께돌봄센터","다함께돌봄센터","자치구","김현주","1135000000","노원구","서울특별시 노원구 중계동 606번지 2호 중계마을복지센터 가동 1층","","","",""
"중계청구3차 아이휴센터","K2115","(다함께돌봄센터) 다함께돌봄센터","다함께돌봄센터","자치구","이선아","1135000000","노원구","서울특별시 노원구 중계로 233, 101동 104호 (중계동, 청구아파트)","","","",""
"좋은아침재가복지센터","L0739","(장기요양시설) 장기요양기관","장기요양시설","자치구","","1135000000","노원구","서울특별시 노원구 노원로 333, B6호 (중계동, 목련상가)","","","",""
"마니또 재가노인복지센타","L1101","(장기요양시설) 장기요양기관","장기요양시설","자치구","","1135000000","노원구","서울특별시 노원구 한글비석로 396, 108동 2층 225호 (상계동, 벽산아파트 복합상가)","","","",""
"효성방문요양센터","L1245","(장기요양시설) 장기요양기관","장기요양시설","자치구","","1135000000","노원구","서울특별시 노원구 한글비석로20길 14, 4층 (중계동)","","","",""
"만세방문요양센터","L1394","(장기요양시설) 장기요양기관","장기요양시설","자치구","","1135000000","노원구","서울특별시 노원구 동일로 1100, 2층 (공릉동, 씨엘빌딩)","","","",""
"가족재가복지","L1609","(장기요양시설) 장기요양기관","장기요양시설","자치구","","1135000000","노원구","서울특별시 노원구 한글비석로24라길 84, 101호 (상계동)","","","",""
"성모노인복지센터","L1943","(장기요양시설) 장기요양기관","장기요양시설","자치구","","1135000000","노원구","서울특별시 노원구 동일로 1116, 1층 106호 (공릉동)","","","",""
"A1 성심재가복지센터","L3420","(장기요양시설) 장기요양기관","장기요양시설","자치구","","1135000000","노원구","서울특별시 노원구 노원로22길 77, B12호 (중계동, 건영아파트 상가)","","","",""
"보은재가복지센터","L3603","(장기요양시설) 장기요양기관","장기요양시설","자치구","","1135000000","노원구","서울특별시 노원구 덕릉로118길 29, 113호 (상계동, 불암현대아파트 상가)","","","",""
"가나네트워크 재가센터","L4306","(장기요양시설) 장기요양기관","장기요양시설","자치구","","1135000000","노원구","서울특별시 노원구 상계로39길 14, 2층 (상계동)","","","",""
"조은요양방문센터","L4463","(장기요양시설) 장기요양기관","장기요양시설","자치구","","1135000000","노원구","서울특별시 노원구 덕릉로 780, 101동 221호 (상계동, 동아불암상가)","","","",""
"건강백세재가요양기관","L4516","(장기요양시설) 장기요양기관","장기요양시설","자치구","","1135000000","노원구","서울특별시 노원구 한글비석로 332, 201호 (중계동, 주공2단지상가)","","","",""
"시정재가요양센터","L5035","(장기요양시설) 장기요양기관","장기요양시설","자치구","","1135000000","노원구","서울특별시 노원구 마들로 111, 307호 (월계동, 삼호종합상가)","","","",""
"참좋은돌봄 재가노인복지센터","L5054","(장기요양시설) 장기요양기관","장기요양시설","자치구","","1135000000","노원구","서울특별시 노원구 중계로14길 28, 2층 (중계동)","","","",""
"하나재가복지센터","L5995","(장기요양시설) 장기요양기관","장기요양시설","자치구","","1135000000","노원구","서울특별시 노원구 상계로12길 22, 지층 (상계동)","","","",""
"도란도란방문요양센터","L6005","(장기요양시설) 장기요양기관","장기요양시설","자치구","","1135000000","노원구","서울특별시 노원구 동일로191가길 67, 3층 (공릉동)","","","",""
"가가호호 방문요양상계센터","L6769","(장기요양시설) 장기요양기관","장기요양시설","자치구","","1135000000","노원구","서울특별시 노원구 한글비석로24길 14, 4층 A412호 (상계동)","","","",""
"가족마음재가복지센터","L6777","(장기요양시설) 장기요양기관","장기요양시설","자치구","","1135000000","노원구","서울특별시 노원구 한글비석로31가길 17, 1층 101호 (상계동)","","","",""
"가나의료기","L6835","(장기요양시설) 장기요양기관","장기요양시설","자치구","","1135000000","노원구","서울특별시 노원구 한글비석로24길 37, 1층 (상계동)","","","",""
"조은나무 방문요양센터","L6850","(장기요양시설) 장기요양기관","장기요양시설","자치구","","1135000000","노원구","서울특별시 노원구 화랑로45길 10-1, 101호 (월계동)","","","",""
"정성을 다한 노인복지센터","L7212","(장기요양시설) 장기요양기관","장기요양시설","자치구","","1135000000","노원구","서울특별시 노원구 공릉로63길 13, 7층 (하계동)","","","",""
"고은사랑방문요양센터","L7299","(장기요양시설) 장기요양기관","장기요양시설","자치구","","1135000000","노원구","서울특별시 노원구 노원로16길 82, 111, 206호 (하계동, 중계9단지주공영구임대아파트 종합2상가)","","","",""
"가족사랑복지타운","L7424","(장기요양시설) 장기요양기관","장기요양시설","자치구","","1135000000","노원구","서울특별시 노원구 동일로187길 18, 2층 (공릉동)","","","",""
"동화메디칼재가장기요양기관","L7511","(장기요양시설) 장기요양기관","장기요양시설","자치구","","1135000000","노원구","서울특별시 노원구 화랑로 419-7 (공릉동, 에스에스빌딩 1층)","","","",""
"꽃길방문요양센터","L7600","(장기요양시설) 장기요양기관","장기요양시설","자치구","","1135000000","노원구","서울특별시 노원구 동일로242나길 20, 105동 202호 (상계동, 수락산 늘푸른아파트)","","","",""
"효자재가복지센터","M0283","(장기요양시설) 장기요양기관","장기요양시설","자치구","","1135000000","노원구","서울특별시 노원구 덕릉로 791, 205, 206호 (상계동, 버나드빌)","","","",""
"동훈재가노인복지센터","M0408","(장기요양시설) 장기요양기관","장기요양시설","자치구","","1135000000","노원구","서울특별시 노원구 한글비석로24라길 25, B01호 (상계동)","","","",""
"노원요양복지원","M0414","(노인의료복지시설) 노인요양시설","노인의료복지시설","자치구","동인봉","1135000000","노원구","서울특별시 노원구 노원로 464, 2층 (상계동)","","","",""
"길요양원","M1147","(노인의료복지시설) 노인요양시설","노인의료복지시설","자치구","최상규","1135000000","노원구","서울특별시 노원구 한글비석로15길 48, 4층, 5층 (중계동)","","","",""
"돌보인방문요양센터 상계점","M1576","(장기요양시설) 장기요양기관","장기요양시설","자치구","","1135000000","노원구","서울특별시 노원구 한글비석로22길 18, 4층 (중계동)","","","",""
"한국방문요양재가센터","M1703","(장기요양시설) 장기요양기관","장기요양시설","자치구","","1135000000","노원구","서울특별시 노원구 동일로241길 53, 211호 (상계동, 두산아파트 종합상가)","","","",""
"스마일방문요양센터","M2119","(장기요양시설) 장기요양기관","장기요양시설","자치구","","1135000000","노원구","서울특별시 노원구 공릉로 430, 102동 302호 (중계동, 중앙아쿠아아파트)","","","",""
"호성사회복지센터","M2594","(장기요양시설) 장기요양기관","장기요양시설","자치구","","1135000000","노원구","서울특별시 노원구 동일로 1700, 1311호 (상계동, 토마토파르코)","","","",""
"기쁨재가복지센터","M2851","(장기요양시설) 장기요양기관","장기요양시설","자치구","","1135000000","노원구","서울특별시 노원구 상계로26길 20, 상가동 205호 (상계동, 대동청솔아파트)","","","",""
"희망 방문 요양센터","M3000","(장기요양시설) 장기요양기관","장기요양시설","자치구","","1135000000","노원구","서울특별시 노원구 동일로173가길 95, 2층 (공릉동)","","","",""
"가온재가복지센터","M3227","(장기요양시설) 장기요양기관","장기요양시설","자치구","","1135000000","노원구","서울특별시 노원구 동일로195길 7, 4층 402호 (공릉동)","","","",""
"'(A)'은빛사랑","M3253","(장기요양시설) 장기요양기관","장기요양시설","자치구","","1135000000","노원구","서울특별시 노원구 상계로 193-14, 8호 (상계동, 대림쇼핑센타 지하1층)","","","",""
"경성실버복지센터","M3347","(장기요양시설) 장기요양기관","장기요양시설","자치구","","1135000000","노원구","서울특별시 노원구 덕릉로126마길 18-4, 1층 (상계동)","","","",""
"우리노인복지센터","M3355","(장기요양시설) 장기요양기관","장기요양시설","자치구","","1135000000","노원구","서울특별시 노원구 한글비석로15길 48, 3층 307호 (중계동, 현대종합상가)","","","",""
"상계동성당데이케어센터","M3864","(재가노인복지시설) 재가노인복지시설","재가노인복지시설","자치구","홍삼덕","1135000000","노원구","서울특별시 노원구 덕릉로 736 (상계동)","","","",""
"개미방문요양센터","M4288","(장기요양시설) 장기요양기관","장기요양시설","자치구","","1135000000","노원구","서울특별시 노원구 한글비석로 396, 109동 207호 (상계동, 벽산아파트 상가)","","","",""
"노원인지재활 데이케어센터","M5031","(장기요양시설) 장기요양기관","장기요양시설","자치구","","1135000000","노원구","서울특별시 노원구 노원로 246, 8층 801호 (하계동, 욱현하이브)","","","",""
"한세(주.야간)노인복지센터","M5842","(장기요양시설) 장기요양기관","장기요양시설","자치구","","1135000000","노원구","서울특별시 노원구 덕릉로126다길 7-7, 1층 (상계동)","","","",""
"물댄동산 재가복지센터","M6996","(장기요양시설) 장기요양기관","장기요양시설","자치구","","1135000000","노원구","서울특별시 노원구 석계로15길 25 (월계동, 월계1차한일아파트 상가, 지하)","","","",""
"우리재가복지센타","M7474","(장기요양시설) 장기요양기관","장기요양시설","자치구","","1135000000","노원구","서울특별시 노원구 초안산로5길 22, 202호 (월계동, 월계대우아파트상가)","","","",""
"다사랑노인복지센터","M7506","(장기요양시설) 장기요양기관","장기요양시설","자치구","","1135000000","노원구","서울특별시 노원구 월계로 264, 201-1호 (월계동)","","","",""
"성은노인재가센터","M8169","(장기요양시설) 장기요양기관","장기요양시설","자치구","","1135000000","노원구","서울특별시 노원구 동일로175길 12-1, 1층 (공릉동)","","","",""
"시니어케어24 노원","M8289","(장기요양시설) 장기요양기관","장기요양시설","자치구","","1135000000","노원구","서울특별시 노원구 동일로 1426, 603호 (상계동, 미도빌딩)","","","",""
"금강오픈케어","M8422","(장기요양시설) 장기요양기관","장기요양시설","자치구","","1135000000","노원구","서울특별시 노원구 덕릉로 863, 1층 (상계동)","","","",""
"강북어르신방문센터","M8487","(장기요양시설) 장기요양기관","장기요양시설","자치구","","1135000000","노원구","서울특별시 노원구 동일로 1280, 2단지상가동 지하7호 (중계동)","","","",""
"늘새롬사회복지센터","M8979","(장기요양시설) 장기요양기관","장기요양시설","자치구","","1135000000","노원구","서울특별시 노원구 광운로2가길 23, 라동 3층 6호 (월계동, 삼창아파트 상가)","","","",""
"노원바른데이케어","M9147","(장기요양시설) 장기요양기관","장기요양시설","자치구","","1135000000","노원구","서울특별시 노원구 덕릉로 680, 2층 (중계동, 보고프라자)","","","",""
"어진모노인복지센터","M9161","(장기요양시설) 장기요양기관","장기요양시설","자치구","","1135000000","노원구","서울특별시 노원구 초안산로5길 12, 203호 (월계동, 월계프라자)","","","",""
"나눔복지재가센터","M9368","(장기요양시설) 장기요양기관","장기요양시설","자치구","","1135000000","노원구","서울특별시 노원구 덕릉로 804, 311호 (상계동)","","","",""
"(A)효사랑나눔재가센터","M9464","(장기요양시설) 장기요양기관","장기요양시설","자치구","","1135000000","노원구","서울특별시 노원구 덕릉로 712-4, 4층 402호 (중계동)","","","",""
"열린재가복지센터","M9949","(장기요양시설) 장기요양기관","장기요양시설","자치구","","1135000000","노원구","서울특별시 노원구 한글비석로 383, 1층 29,49호 (중계동, 삼창타워프라자)","","","",""
"케어모어","P0069","(재가노인복지시설) 재가노인복지시설","재가노인복지시설","자치구","신복희","1135000000","노원구","서울특별시 노원구 동일로237가길 17 (상계동)","","","",""
"늘편한방문요양센터","P0773","(재가노인복지시설) 재가노인복지시설","재가노인복지시설","자치구","최광순","1135000000","노원구","서울특별시 노원구 한글비석로54길 116, 214호 (상계동)","","","",""
"행복누리재가복지센터","P0791","(재가노인복지시설) 재가노인복지시설","재가노인복지시설","자치구","진민하","1135000000","노원구","서울특별시 노원구 노원로 421, 마상가동 212호 (상계동)","","","",""
"가나 플러스 복지센터","P1137","(재가노인복지시설) 재가노인복지시설","재가노인복지시설","자치구","조재범","1135000000","노원구","서울특별시 노원구 상계로35길 2, 3층 (상계동)","","","",""
"'(A)'서울HS재가복지센터","P1138","(재가노인복지시설) 재가노인복지시설","재가노인복지시설","자치구","한혜승","1135000000","노원구","서울특별시 노원구 한글비석로 383, 지하1층 12호 (중계동)","","","",""
"하계방문요양센터","P1635","(재가노인복지시설) 재가노인복지시설","재가노인복지시설","자치구","최연임","1135000000","노원구","서울특별시 노원구 섬밭로 190, 1층 104,105호 (하계동)","","","",""
"달빛방문요양센터","P1704","(재가노인복지시설) 재가노인복지시설","재가노인복지시설","자치구","이은영","1135000000","노원구","서울특별시 노원구 한글비석로24가길 20 (상계동)","","","",""
"다모아재가복지센터","P1715","(재가노인복지시설) 재가노인복지시설","재가노인복지시설","자치구","정혜숙","1135000000","노원구","서울특별시 노원구 덕릉로 780, 101동 137호 (상계동, 동아불암복합상가아파트)","","","",""
"서울노인재가복지회","P1853","(재가노인복지시설) 재가노인복지시설","재가노인복지시설","자치구","이종국","1135000000","노원구","서울특별시 노원구 덕릉로115가길 3 (상계동)","","","",""
"이편한동행 사회적협동조합","P2144","(재가노인복지시설) 재가노인복지시설","재가노인복지시설","자치구","김영애","1135000000","노원구","서울특별시 노원구 한글비석로 422, 4층 (상계동, 대창빌딩)","","","",""
"케어닥 방문요양센터 노원점","P2492","(재가노인복지시설) 재가노인복지시설","재가노인복지시설","자치구","곽해정","1135000000","노원구","서울특별시 노원구 동일로 1014-1, 2층 201호 (공릉동)","","","",""
"생생노원재가복지센터","P2557","(재가노인복지시설) 재가노인복지시설","재가노인복지시설","자치구","이진희","1135000000","노원구","서울특별시 노원구 동일로191가길 25, 2층 (공릉동)","","","",""
"불암방문요양센터","P2871","(재가노인복지시설) 재가노인복지시설","재가노인복지시설","자치구","장별","1135000000","노원구","서울특별시 노원구 덕릉로 814, 5층 (상계동, 재원빌딩)","","","",""
"노아복지재가센터","P2885","(재가노인복지시설) 재가노인복지시설","재가노인복지시설","자치구","이운함","1135000000","노원구","서울특별시 노원구 한글비석로20길 57, 403호 (중계동)","","","",""
"'A+'축복 재가복지센터","P2955","(재가노인복지시설) 재가노인복지시설","재가노인복지시설","자치구","이주희","1135000000","노원구","서울특별시 노원구 초안산로1길 15, 상가 7701동 205호 (월계동, 월계1단지주공영구임대(아))","","","",""
"라온방문요양센터","P3011","(재가노인복지시설) 재가노인복지시설","재가노인복지시설","자치구","장연순","1135000000","노원구","서울특별시 노원구 동일로193길 33, B01호 (공릉동, 한빛빌라)","","","",""
"은혜재가복지센터","P3839","(재가노인복지시설) 재가노인복지시설","재가노인복지시설","자치구","김주선","1135000000","노원구","서울특별시 노원구 공릉로42길 21, 102호 (공릉동)","","","",""
"월계우리통합상담소","W0849","(여성복지시설) 가정폭력상담소","가정폭력피해보호시설","자치구","진양희","1135000000","노원구","서울특별시 노원구 초안산로1길 51 (월계동, 월계종합사회복지관 내 2층)","","","",""
"노원구 건강가정지원센터","W1194","(가족복지시설) 건강가정지원센터","건강가정지원센터","자치구","장사열","1135000000","노원구","서울특별시 노원구 동일로173가길 94 (공릉동, 가온빌딩 3층)","","","",""
"서울노원북부지역자활센터","Z0102","(지역자활센터) 지역자활센터","자활시설","자치구","최경식","1135000000","노원구","서울특별시 노원구 동일로245길 56 (상계동)","","","",""
"서울노원지역자활센터","Z0476","(지역자활센터) 지역자활센터","자활시설","자치구","김영호","1135000000","노원구","서울특별시 노원구 한글비석로47길 99-3, 2층 (상계동)","","","",""
"서울노원남부지역자활센터","Z0481","(지역자활센터) 지역자활센터","자활시설","자치구","임근형","1135000000","노원구","서울특별시 노원구 동일로178길 19-38, 302호 (공릉동, 연세빌딩(302호/402호))","","","",""
"공릉종합사회복지관","Z5037","(사회복지관) 사회복지관","일반사회복지시설","자치구","이영이","1135000000","노원구","서울특별시 노원구 동일로 1127 (공릉동)","","","",""
"노원1종합사회복지관","Z5080","(사회복지관) 사회복지관","일반사회복지시설","자치구","정명진","1135000000","노원구","서울특별시 노원구 월계로 372 (월계동)","","","",""
"마들종합사회복지관","Z5117","(사회복지관) 사회복지관","일반사회복지시설","자치구","김정인","1135000000","노원구","서울특별시 노원구 동일로210길 22 (중계동)","","","",""
"북부종합사회복지관","Z5166","(사회복지관) 사회복지관","일반사회복지시설","자치구","김경태","1135000000","노원구","서울특별시 노원구 동일로245길 56 (상계동)","","","",""
"상계종합사회복지관","Z5179","(사회복지관) 사회복지관","일반사회복지시설","자치구","신혜선","1135000000","노원구","서울특별시 노원구 덕릉로115나길 25 (상계동)","","","",""
"월계종합사회복지관","Z5288","(사회복지관) 사회복지관","일반사회복지시설","자치구","오동준","1135000000","노원구","서울특별시 노원구 초안산로1길 51 (월계동)","","","",""
"중계종합사회복지관","Z5328","(사회복지관) 사회복지관","일반사회복지시설","자치구","성연진","1135000000","노원구","서울특별시 노원구 덕릉로 662 (중계동)","","","",""
"평화종합사회복지관","Z5364","(사회복지관) 사회복지관","일반사회복지시설","자치구","정근철","1135000000","노원구","서울특별시 노원구 노원로 331 (중계동)","","","",""
"노원구중독관리통합지원센터","Z5856","(정신건강증진기관) 중독관리통합지원센터","정신건강증진기관","자치구","방수영","1135000000","노원구","서울특별시 노원구 노원로16길 15, 912동 1층 (하계동, 중계9단지주공영구임대아파트)","","","",""
"하계종합사회복지관","Z6069","(사회복지관) 사회복지관","일반사회복지시설","자치구","오명진","1135000000","노원구","서울특별시 노원구 노원로16길 15 (하계동, 중계9단지주공영구임대아파트)","","","",""
"노원구가족센터","Z6598","(다문화가족복지시설) 다문화가족지원센터","다문화가족복지시설","자치구","정주은","1135000000","노원구","서울특별시 노원구 동일로173가길 94, 3층 (공릉동)","","","",""