연번,시설명,시설종류,시설유형,소재지,입소정원,시설운영,설치일자,전화번호,데이터기준일자
1,인천신생요양원,노인의료복지시설,노인요양시설,인천광역시 서구 드림로 284-4 (백석동),78,법인,2008-05-23,032-566-0580,2026-06-10
2,인천천사요양원,노인의료복지시설,노인요양시설,인천광역시 서구 드림로 284-6 (백석동),78,법인,2008-05-23,032-773-1400,2026-06-10
3,내리요양원,노인의료복지시설,노인요양시설,인천광역시 서구 봉수대로1394번길 12 (왕길동),90,법인,2008-05-23,032-566-6651,2026-06-10
4,낙원요양원,노인의료복지시설,노인요양시설,인천광역시 서구 완정로10번길 6-7 (마전동),90,개인,2009-04-03,032-562-3497,2026-06-10
5,서천노인요양원,노인의료복지시설,노인요양시설,인천광역시 서구 심곡로132번길 22 (심곡동),49,법인,2009-09-09,032-562-2116,2026-06-10
6,인천 부모섬김요양원,노인의료복지시설,노인요양시설,"인천광역시 서구 검단로 504, 3,4,5층 (마전동, 세진빌딩)",69,개인,2011-04-21,032-216-8253,2026-06-10
7,성모요양원,노인의료복지시설,노인요양시설,인천광역시 서구 심곡로100번길 31 (심곡동),48,법인,2015-01-15,032-280-1900,2026-06-10
8,참사랑요양원,노인의료복지시설,노인요양시설,"인천광역시 서구 검단로 505, 4층 403~405호 (마전동, 이지프라자)",28,개인,2015-10-14,032-568-2011,2026-06-10
9,연희요양원,노인의료복지시설,노인요양시설,"인천광역시 서구 탁옥로 88, 3~7층 (심곡동)",77,개인,2015-11-04,032-562-4601,2026-06-10
10,지구촌요양원,노인의료복지시설,노인요양시설,"인천광역시 서구 검단로 505, 401-402호 (마전동, 이지프라자)",27,개인,2016-01-08,032-561-0961,2026-06-10
11,해피실버요양원,노인의료복지시설,노인요양시설,"인천광역시 서구 검단로502번길 18, 2층 (마전동, 제일빌딩)",36,개인,2016-04-01,032-564-6327,2026-06-10
12,미래복지요양센터,노인의료복지시설,노인요양시설,인천광역시 서구 드림로 227 (백석동),240,법인,2016-08-09,032-540-8800,2026-06-10
13,효담요양원,노인의료복지시설,노인요양시설,"인천광역시 서구 완정로 163, A동 11층 (왕길동, 트리플타워)",29,개인,2017-03-24,032-561-7477,2026-06-10
14,도란도란요양원,노인의료복지시설,노인요양시설,"인천광역시 서구 검단로 531, 2,3,4층 (마전동, 경안프라자)",29,개인,2017-06-01,032-569-3399,2026-06-10
15,반딧불노인요양원,노인의료복지시설,노인요양시설,인천광역시 서구 가정로 186-3 (석남동),45,개인,2017-06-13,032-579-9540,2026-06-10
16,가현요양원,노인의료복지시설,노인요양시설,"인천광역시 서구 완정로 19, 7층 (마전동, 검단무광프라자)",25,개인,2018-05-01,032-565-5567,2026-06-10
17,주은요양원,노인의료복지시설,노인요양시설,"인천광역시 서구 신진말로 26, 3층 301호~303호 (가좌동)",26,개인,2018-06-21,032-575-5720,2026-06-10
18,국제메디칼요양원,노인의료복지시설,노인요양시설,"인천광역시 서구 탁옥로 104, 1,3,4층 (심곡동, 다빈치프라자)",45,개인,2018-07-01,032-567-6788,2026-06-10
19,두드림요양전문센터,노인의료복지시설,노인요양시설,"인천광역시 서구 봉오재3로 116, 309호, 401호 (가정동, SD프라자)",29,개인,2019-02-22,032-568-3388,2026-06-10
20,꽃마루요양원,노인의료복지시설,노인요양시설,인천광역시 서구 봉화로223번안길 5 (금곡동),34,개인,2019-09-06,032-562-7272,2026-06-10
21,아름다운 요양원,노인의료복지시설,노인요양시설,"인천광역시 서구 가정로 230, 1~5층 (석남동)",47,개인,2019-10-01,032-577-6000,2026-06-10
22,다온실버케어요양원,노인의료복지시설,노인요양시설,"인천광역시 서구 고산후로 97, 6~8층 302호 (당하동, 희성프라자)",82,개인,2019-11-27,032-565-9923,2026-06-10
23,해피섬김요양원,노인의료복지시설,노인요양시설,"인천광역시 서구 검단로502번길 18, 6층 (마전동, 제일프라자)",24,개인,2020-03-30,032-272-7119,2026-06-10
24,참조은요양원,노인의료복지시설,노인요양시설,"인천광역시 서구 신진말로 39, 201호 (가좌동, 건지빌딩)",21,개인,2020-05-01,032-575-8875,2026-06-10
25,시온의빛 요양원,노인의료복지시설,노인요양시설,인천광역시 서구 원당대로820번1길 13 (당하동),25,개인,2020-06-01,032-561-1127,2026-06-10
26,에덴사랑의집,노인의료복지시설,노인요양시설,"인천광역시 서구 고산후로95번길 10, 301, 302호 (당하동, 뉴시티프라자)",29,개인,2020-06-01,032-563-0938,2026-06-10
27,길요양원,노인의료복지시설,노인요양시설,인천광역시 서구 고산후로 190 (원당동),20,개인,2020-07-01,032-566-3315,2026-06-10
28,검단햇살요양원,노인의료복지시설,노인요양시설,"인천광역시 서구 원당대로 853, 7층 (원당동, 삼정프라자)",29,개인,2020-08-01,032-569-3883,2026-06-10
29,검단메디컬요양원,노인의료복지시설,노인요양시설,"인천광역시 서구 완정로 179, 7층 (왕길동, 제이원검단메디컬프라자)",29,개인,2020-09-01,032-568-9992,2026-06-10
30,간호사랑요양원,노인의료복지시설,노인요양시설,"인천광역시 서구 탁옥로 37, 7~9층 (심곡동, 우리타워)",47,개인,2020-12-01,032-525-2838,2026-06-10
31,청라더사랑 요양원,노인의료복지시설,노인요양시설,"인천광역시 서구 중봉대로586번길 15, 805호 (청라동, 청연프라자)",27,개인,2021-01-01,032-565-2090,2026-06-10
32,푸른솔요양원,노인의료복지시설,노인요양시설,"인천광역시 서구 승학로 577, 402호 (검암동, 장은프라자)",28,개인,2021-03-01,032-564-9540,2026-06-10
33,서구삼성요양원,노인의료복지시설,노인요양시설,"인천광역시 서구 건지로284번길 5, 지하1층~3층 (가좌동)",29,개인,2021-04-01,032-579-1010,2026-06-10
34,두드림요양원,노인의료복지시설,노인요양시설,"인천광역시 서구 심곡로 78, 1층,2층,4~5층 (심곡동)",39,개인,2021-07-01,032-563-3388,2026-06-10
35,고은빛요양원,노인의료복지시설,노인요양시설,"인천광역시 서구 대촌로 11, 1동 401호, 501호 (오류동, 다담프라자)",29,개인,2021-08-01,032-564-0322,2026-06-10
36,굿모닝재활요양원,노인의료복지시설,노인요양시설,"인천광역시 서구 원당대로 865, 8층 (원당동, 대산프라자)",42,개인,2021-08-10,032-569-7787,2026-06-10
37,노블레스요양원,노인의료복지시설,노인요양시설,인천광역시 서구 오류로26번길 9 (오류동),75,개인,2021-09-01,032-562-9939,2026-06-10
38,노엘요양원,노인의료복지시설,노인요양시설,인천광역시 서구 단봉로 191 (오류동),73,개인,2021-10-01,032-563-1006,2026-06-10
39,늘사랑요양원,노인의료복지시설,노인요양시설,"인천광역시 서구 청라커낼로 280, 8층 (청라동, (청라동, 골드프라자))",49,개인,2021-10-01,032-565-5633,2026-06-10
40,벧엘요양원,노인의료복지시설,노인요양시설,"인천광역시 서구 완정로 144, 3층 301호 (마전동)",28,개인,2021-11-01,032-569-0723,2026-06-10
41,클래상스요양원,노인의료복지시설,노인요양시설,"인천광역시 서구 서달로20번길 7, 1~3층 (석남동)",94,개인,2021-12-01,032-572-9771,2026-06-10
42,다솔요양원,노인의료복지시설,노인요양시설,인천광역시 서구 원당대로819번길 7-3 (원당동),49,개인,2021-12-01,032-568-8825,2026-06-10
43,한사랑요양원,노인의료복지시설,노인요양시설,인천광역시 서구 심곡로208번길 14 (공촌동),49,개인,2022-01-01,032-561-0778,2026-06-10
44,미소인요양원,노인의료복지시설,노인요양시설,인천광역시 서구 서달로 14-7 (석남동),49,개인,2022-01-01,032-575-5007,2026-06-10
45,행복요양원,노인의료복지시설,노인요양시설,"인천광역시 서구 승학로 577, 2층 210호 (검암동)",24,개인,2022-03-01,032-566-5009,2026-06-10
46,행복드림요양원,노인의료복지시설,노인요양시설,"인천광역시 서구 연희로39번길 16, 1~3층 (연희동)",41,개인,2022-03-01,032-567-1193,2026-06-10
47,검암요양원,노인의료복지시설,노인요양시설,"인천광역시 서구 승학로 528, 2층 (검암동, 아카데미프라자)",29,개인,2022-04-01,032-566-3313,2026-06-10
48,늘편한요양원,노인의료복지시설,노인요양시설,인천광역시 서구 도요지로42번길 21-1 (경서동),29,개인,2022-08-01,032-528-8511,2026-06-10
49,드림숲요양원,노인의료복지시설,노인요양시설,인천광역시 서구 단봉로 183 (오류동),49,개인,2022-09-01,032-568-9566,2026-06-10
50,더나은재활요양원,노인의료복지시설,노인요양시설,"인천광역시 서구 장고개로 277-1, B1,5,6,7층 (가좌동, 청운프라자)",67,개인,2022-11-01,032-573-0999,2026-06-10
51,검단 다은요양원,노인의료복지시설,노인요양시설,"인천광역시 서구 고산후로95번길 28, 5층 (당하동)",18,개인,2022-11-01,032-566-6617,2026-06-10
52,믿음요양원,노인의료복지시설,노인요양공동생활가정,"인천광역시 서구 가정로 302, 2층 (석남동)",9,개인,2022-12-01,032-582-2223,2026-06-10
53,소망요양원,노인의료복지시설,노인요양공동생활가정,"인천광역시 서구 가정로 302, 3층 (석남동)",9,개인,2022-12-01,032-582-2223,2026-06-10
54,샬롬요양원,노인의료복지시설,노인요양시설,"인천광역시 서구 검단로 474, 901호 (왕길동)",29,개인,2022-12-01,032-566-1009,2026-06-10
55,온누리노인요양원,노인의료복지시설,노인요양시설,인천광역시 서구 고산로45번길 18 (원당동),44,개인,2022-12-01,032-569-0591,2026-06-10
56,다정요양원,노인의료복지시설,노인요양시설,"인천광역시 서구 고산후로95번안길 21, 5층 (당하동, 원당지구멀티프라자)",29,개인,2023-01-01,032-568-6060,2026-06-10
57,가현재활요양원,노인의료복지시설,노인요양시설,"인천광역시 서구 완정로 70, 303호 (마전동, 영남탑스빌웰빙타운)",28,개인,2023-03-01,032-569-7620,2026-06-10
58,해오름재활요양원,노인의료복지시설,노인요양시설,"인천광역시 서구 완정로 70, 302호 (마전동, 영남탑스빌웰빙타운)",28,개인,2023-03-01,032-569-7619,2026-06-10
59,사랑재활요양원,노인의료복지시설,노인요양시설,"인천광역시 서구 완정로 70, 301호 (마전동, 영남탑스빌웰빙타운)",28,개인,2023-03-01,032-569-7621,2026-06-10
60,노인요양시설 혜움,노인의료복지시설,노인요양시설,인천광역시 서구 심곡로56번길 17 (심곡동),49,개인,2023-04-01,032-565-0306,2026-06-10
61,이레행복요양원,노인의료복지시설,노인요양시설,인천광역시 서구 경서로32번길 3-8 (경서동),29,개인,2023-03-01,032-566-2118,2026-06-10
62,모니카요양원,노인의료복지시설,노인요양시설,인천광역시 서구 연희로42번길 6 (연희동),45,개인,2023-07-01,032-563-8250,2026-06-10
63,온마음요양원,노인의료복지시설,노인요양시설,"인천광역시 서구 완정로 159, 9층 901호 (왕길동, 장수프라자)",28,개인,2023-07-01,032-566-8654,2026-06-10
64,시온휴요양원,노인의료복지시설,노인요양시설,"인천광역시 서구 심곡로 53, 지하1,2~7층 (심곡동, 시온빌딩)",92,개인,2023-08-01,032-564-2211,2026-06-10
65,소나무요양원,노인의료복지시설,노인요양시설,"인천광역시 서구 고산후로121번길 25, 202호 (원당동, 제일프라자)",29,개인,2023-07-01,032-321-3520,2026-06-10
66,가현산재활요양원,노인의료복지시설,노인요양시설,인천광역시 서구 대곡로 411 (대곡동),99,개인,2023-07-01,032-261-8800,2026-06-10
67,다인실버타운요양원,노인의료복지시설,노인요양시설,인천광역시 서구 대곡로 415 (대곡동),99,개인,2023-07-01,032-204-3686,2026-06-10
68,라포레실버요양원,노인의료복지시설,노인요양시설,인천광역시 서구 대곡로 413 (대곡동),99,개인,2023-07-01,032-207-7977,2026-06-10
69,검단품안에요양원,노인의료복지시설,노인요양시설,"인천광역시 서구 검단로623번길 13, 3,4층 (마전동)",29,개인,2023-08-01,032-272-9988,2026-06-10
70,동국휴요양원,노인의료복지시설,노인요양시설,"인천광역시 서구 검단로 505, 406~408호 (마전동, 이지화인프라자)",29,개인,2023-09-01,032-716-6677,2026-06-10
71,더편한요양원,노인의료복지시설,노인요양시설,"인천광역시 서구 완정로 153, 701,901호 (왕길동)",27,개인,2023-10-01,032-564-4222,2026-06-10
72,사랑 요양원,노인의료복지시설,노인요양공동생활가정,"인천광역시 서구 가정로 302, 4층 (석남동)",9,개인,2023-10-01,032-715-5200,2026-06-10
73,새빛요양원,노인의료복지시설,노인요양시설,"인천광역시 서구 원당대로 865, 7층 (원당동)",26,개인,2023-11-01,032-565-3538,2026-06-10
74,환영간호전문요양원,노인의료복지시설,노인요양시설,인천광역시 서구 경서로56번길 15-5 (경서동),42,개인,2024-02-01,032-277-2672,2026-06-10
75,가족사랑요양원,노인의료복지시설,노인요양시설,인천광역시 서구 신석로112번길 24 (석남동),24,개인,2024-06-01,032-577-0450,2026-06-10
76,메디홈요양원,노인의료복지시설,노인요양시설,"인천광역시 서구 청라에메랄드로 78, 206호 (청라동)",27,개인,2024-05-01,032-569-4900,2026-06-10
77,보람요양원,노인의료복지시설,노인요양시설,"인천광역시 서구 완정로 144, 5층 501호 (마전동)",15,개인,2024-05-01,032-563-8371,2026-06-10
78,검단요양원,노인의료복지시설,노인요양시설,"인천광역시 서구 완정로 144, 2층 203호 (마전동)",14,개인,2024-06-01,070-7636-9988,2026-06-10
79,대곡실버요양원,노인의료복지시설,노인요양시설,인천광역시 서구 대곡로 397-2 (대곡동),77,개인,2024-07-01,032-261-3030,2026-06-10
80,검단봄요양원,노인의료복지시설,노인요양시설,"인천광역시 서구 고산후로95번길 28, 3,4층 (당하동)",39,개인,2024-07-01,032-561-0017,2026-06-10
81,그라테스요양원,노인의료복지시설,노인요양시설,인천광역시 서구 대곡로 397-1 (대곡동),97,개인,2024-07-01,032-201-1561,2026-06-10
82,검단우리요양원,노인의료복지시설,노인요양시설,"인천광역시 서구 고산후로95번길 28, 2층 (당하동)",26,개인,2024-07-01,032-561-8366,2026-06-10
83,아름다운인생프리미엄 요양원,노인의료복지시설,노인요양시설,인천광역시 서구 대곡로 397-3 (대곡동),99,개인,2024-07-01,032-201-5678,2026-06-10
84,검단힘찬요양원,노인의료복지시설,노인요양시설,"인천광역시 서구 원당대로 853, 8층 (원당동)",29,개인,2024-08-01,032-262-3288,2026-06-10
85,굿모닝요양원,노인의료복지시설,노인요양시설,인천광역시 서구 건지로334번길 3 (가좌동),49,개인,2024-08-01,032-584-2126,2026-06-10
86,월드실버타운 요양원,노인의료복지시설,노인요양시설,인천광역시 서구 서달로149번길 6-8 (석남동),49,개인,2024-08-01,032-577-1214,2026-06-10
87,엘림요양원,노인의료복지시설,노인요양시설,"인천광역시 서구 연희로42번길 14, 2~4층 (연희동)",29,개인,2024-09-01,032-566-8877,2026-06-10
88,바른요양원,노인의료복지시설,노인요양시설,인천광역시 서구 심곡로208번길 23 (공촌동),49,개인,2024-09-01,032-564-2100,2026-06-10
89,원당사랑마루요양원,노인의료복지시설,노인요양시설,"인천광역시 서구 원당대로 853, 501호 (원당동)",29,개인,2024-10-01,032-567-3275,2026-06-10
90,복지콜요양원,노인의료복지시설,노인요양시설,인천광역시 서구 원당대로819번길 7-5 (원당동),29,개인,2024-10-01,032-561-3129,2026-06-10
91,검단희망요양원,노인의료복지시설,노인요양시설,"인천광역시 서구 완정로 159, 7층 701호 (왕길동)",28,개인,2024-11-01,032-000-0000,2026-06-10
92,검단진요양원,노인의료복지시설,노인요양시설,인천광역시 서구 마전로115번길 2-6 (마전동),49,개인,2025-03-01,032-563-5200,2026-06-10
93,그레이스힐요양원,노인의료복지시설,노인요양시설,"인천광역시 서구 검단로623번길 17, 3~5층 (마전동, 동인빌딩)",49,법인,2025-04-01,070-4550-8920,2026-06-10
94,포그니 재활실버케어,노인의료복지시설,노인요양시설,"인천광역시 서구 검단로502번길 18, 3~5층 (마전동, 제일프라자)",99,개인,2025-04-01,032-565-4545,2026-06-10
95,효나무재활요양원,노인의료복지시설,노인요양시설,"인천광역시 서구 검단로 508, 5,6층 (마전동)",59,개인,2025-07-01,032-583-9988,2026-06-10
96,서인천요양원,노인의료복지시설,노인요양시설,인천광역시 서구 장고개로 262 (가좌동),72,개인,2025-08-01,032-710-1371,2026-06-10
97,누리요양원,노인의료복지시설,노인요양시설,인천광역시 서구 승학로197번길 20-9 (심곡동),29,개인,2025-09-01,032-433-3322,2026-06-10
98,클레어요양원,노인의료복지시설,노인요양시설,인천광역시 서구 서곶로 270 (심곡동),77,개인,2026-05-01,032-285-4605,2026-06-10
99,검단포도나무요양원,노인의료복지시설,노인요양시설,인천광역시 서구 대촌로 9 (오류동),49,개인,2026-05-01,032-565-6599,2026-06-10
100,효사랑요양원,노인의료복지시설,노인요양시설,"인천광역시 서구 완정로 19, 601호",39,개인,2026-06-01,032-563-3400,2026-06-10
101,검단진주야간보호센터,재가노인복지시설,재가노인복지시설,인천광역시 서구 마전로115번길 2-6 (마전동),24,개인,2025-03-01,032-563-5200,2026-06-10
102,간호돌봄재가복지센터,재가노인복지시설,재가노인복지시설,"인천광역시 서구 고산후로 97, 402호 (당하동)",0,개인,2025-02-01,032-715-8021,2026-06-10
103,가나안재가복지센터,재가노인복지시설,재가노인복지시설,"인천광역시 서구 심곡로 9, 112동 211호 (심곡동, 광명아파트상가)",0,개인,2026-03-01,032-563-1114,2026-06-10
104,연승방문재가센터,재가노인복지시설,재가노인복지시설,"인천광역시 서구 원당대로685번길 30, 상가동 209호 (마전동, 당하2차풍림아이원아파트)",0,개인,2024-10-01,032-564-0901,2026-06-10
105,검단보람노인복지센터,재가노인복지시설,재가노인복지시설,"인천광역시 서구 청마로7번길 15, 3층 (당하동)",0,개인,2018-10-01,032-562-4665,2026-06-10
106,그림재가노인복지센터,재가노인복지시설,재가노인복지시설,"인천광역시 서구 승학로 248, 304호 (심곡동)",0,개인,2020-09-01,032-565-6205,2026-06-10
107,다돌봄방문요양센터,재가노인복지시설,재가노인복지시설,"인천광역시 서구 원당대로 852, 303-1호 (당하동, 청신프라자)",0,법인,2026-02-01,032-566-9950,2026-06-10
108,청춘재활주간보호센터,재가노인복지시설,재가노인복지시설,"인천광역시 서구 완정로65번길 9, 5층 (마전동, 준프라자)",38,개인,2025-10-01,,2026-06-10
109,빛과소금재가복지센터,재가노인복지시설,재가노인복지시설,"인천광역시 서구 완정로 144, 902호 (마전동)",0,개인,2024-12-01,032-566-8532,2026-06-10
110,A천사의방문행복나눔 노인복지센터,재가노인복지시설,재가노인복지시설,인천광역시 서구 원당대로820번1길 13 (당하동),0,개인,2020-10-01,032-556-7799,2026-06-10
111,사랑나눔회 복지센터,재가노인복지시설,재가노인복지시설,"인천광역시 서구 승학로495번길 4-1, 112호 (검암동, 다복빌딩)",0,개인,2018-11-01,032-562-7945,2026-06-10
112,소리재가복지센터,재가노인복지시설,재가노인복지시설,"인천광역시 서구 원당대로685번길 5, B동 206호 (마전동)",0,개인,2024-08-01,032-562-8908,2026-06-10
113,가정재가장기요양기관,재가노인복지시설,재가노인복지시설,인천광역시 서구 원창로239번길 29-2 (가정동),0,개인,2023-12-01,032-226-0015,2026-06-10
114,성모재가노인지원서비스센터,재가노인복지시설,재가노인복지시설,인천광역시 서구 봉화로69번길 23 (오류동),0,법인,2008-06-02,032-569-6796,2026-06-10
115,구립 서구치매전담형주야간보호센터(치매안심돌봄터),재가노인복지시설,재가노인복지시설,"인천광역시 서구 봉오재3로94번길 11, 5층 (가정동, MK타워)",24,법인,2021-03-01,032-579-9112,2026-06-10
116,청라노인주야간보호센터,재가노인복지시설,재가노인복지시설,"인천광역시 서구 청라에메랄드로102번길 10, 4층 (청라동, 청라리치아노)",50,개인,2020-04-01,032-563-7701,2026-06-10
117,인천참사랑병원 부설 햇살데이케어센터,재가노인복지시설,재가노인복지시설,"인천광역시 서구 원창로240번길 6, 3층 (가정동)",40,개인,2020-08-01,032-582-9111,2026-06-10
118,서구루원재활 노인주간보호센터,재가노인복지시설,재가노인복지시설,"인천광역시 서구 염곡로464번길 11, 3층 303~306호 (가정동)",32,개인,2024-02-01,032-564-0110,2026-06-10
119,행복한 노인복지센터,재가노인복지시설,재가노인복지시설,"인천광역시 서구 가정로 258, 2층 201호 (석남동, 지인프라자)",24,개인,2019-11-11,032-575-7395,2026-06-10
120,재가노인복지센터 리하원,재가노인복지시설,재가노인복지시설,"인천광역시 서구 청라커낼로260번길 7-15, 3층 (청라동, 반안프라자 3차)",58,법인,2020-10-01,032-563-1337,2026-06-10
121,서구재가노인지원서비스센터,재가노인복지시설,재가노인복지시설,"인천광역시 서구 신석로121번길 10 (석남동, 신관1층)",0,법인,2008-06-02,032-582-4074,2026-06-10
122,현대재가복지센터,재가노인복지시설,재가노인복지시설,"인천광역시 서구 명가골로 26, 1층 3호 (석남동)",0,개인,2025-07-01,032-571-2794,2026-06-10
123,서부노인주야간보호센터,재가노인복지시설,재가노인복지시설,"인천광역시 서구 건지로 389, 2, 3층 (가좌동)",62,개인,2020-09-01,032-573-8114,2026-06-10
124,153재가노인복지센터,재가노인복지시설,재가노인복지시설,"인천광역시 서구 검단로 453, 3층 (왕길동, 정풍빌딩)",24,개인,2020-06-01,032-567-1530,2026-06-10
125,은혜 재가복지센터,재가노인복지시설,재가노인복지시설,"인천광역시 서구 가경주로10번길 13, 102호 (가정동)",0,개인,2021-06-02,032-578-9458,2026-06-10
126,미소노인복지센터,재가노인복지시설,재가노인복지시설,"인천광역시 서구 원당대로 853, 2층 204-1호 (원당동)",0,개인,2024-02-01,032-561-1029,2026-06-10
127,우리집 데이케어센터,재가노인복지시설,재가노인복지시설,"인천광역시 서구 고산후로95번안길 11, 3층 (당하동)",47,개인,2025-04-01,032-567-2307,2026-06-10
128,시온휴재가복지센터,재가노인복지시설,재가노인복지시설,"인천광역시 서구 심곡로 53, 2층 (심곡동)",0,개인,2024-05-01,032-564-2211,2026-06-10
129,구구팔팔주야간보호센터,재가노인복지시설,재가노인복지시설,"인천광역시 서구 고산후로95번길 28, 5층 (당하동)",40,개인,2025-11-01,032-568-0111,2026-06-10
130,다효주간보호센터,재가노인복지시설,재가노인복지시설,"인천광역시 서구 탁옥로98번길 1, 2층 (심곡동)",48,개인,2019-08-19,032-724-8878,2026-06-10
131,행복재가복지센터,재가노인복지시설,재가노인복지시설,인천광역시 서구 용두산로13번길 3 (심곡동),0,개인,2019-12-23,032-566-8119,2026-06-10
132,다은 주간보호센터,재가노인복지시설,재가노인복지시설,인천광역시 서구 원당대로835번길 7 (원당동),48,개인,2024-08-01,032-567-7519,2026-06-10
133,(주)케어링 방문요양센터 인천점,재가노인복지시설,재가노인복지시설,"인천광역시 서구 탁옥로 93, 2층 (심곡동)",0,법인,2024-05-01,032-567-4198,2026-06-10
134,최우수노인복지센터,재가노인복지시설,재가노인복지시설,"인천광역시 서구 가정로 451, 1136호 (가정동)",0,개인,2024-08-01,032-561-5047,2026-06-10
135,인천노인복지센터,재가노인복지시설,재가노인복지시설,인천광역시 서구 건지로249번길 32-4 (석남동),0,개인,2021-01-01,070-4647-4786,2026-06-10
136,행복더하기 재가복지센터,재가노인복지시설,재가노인복지시설,"인천광역시 서구 가정로 451, 7층 747호 (가정동)",0,개인,2024-12-01,032-565-1123,2026-06-10
137,봄연세데이케어 나은센터,재가노인복지시설,재가노인복지시설,"인천광역시 서구 건지로399번길 3, 2,4층 (가좌동)",99,개인,2022-11-01,032-574-3179,2026-06-10
138,제일노인복지센터,재가노인복지시설,재가노인복지시설,"인천광역시 서구 탁옥로 55, 802호 (심곡동)",0,개인,2022-01-01,032-574-2788,2026-06-10
139,우리한마음재가노인복지센터,재가노인복지시설,재가노인복지시설,"인천광역시 서구 율도로 25, 601호 (신현동, 청라빌딩)",0,개인,2025-05-01,,2026-06-10
140,행복드림재가노인복지센터,재가노인복지시설,재가노인복지시설,"인천광역시 서구 새오개로54번길 15-1, 502호 (신현동)",0,개인,2023-03-14,032-265-1005,2026-06-10
141,복지콜노인복지센터주식회사,재가노인복지시설,재가노인복지시설,"인천광역시 서구 완정로64번길 12, 3층 (마전동)",0,법인,2019-03-01,032-565-3129,2026-06-10
142,감꽃방문요양센터,재가노인복지시설,재가노인복지시설,"인천광역시 서구 승학로 198, 1동 206-1호 (심곡동, 극동늘푸른아파트 상가)",0,개인,2020-12-01,032-710-3181,2026-06-10
143,서구노인주야간보호센터,재가노인복지시설,재가노인복지시설,"인천광역시 서구 서곶로 336, 1층~3층 (연희동)",58,개인,2021-04-01,032-565-3966,2026-06-10
144,마하나임 재가복지센터,재가노인복지시설,재가노인복지시설,"인천광역시 서구 청라커낼로 252, 201동 1307호 (청라동, 청라 롯데캐슬)",0,개인,2024-11-01,032-223-3927,2026-06-10
145,나은 연세데이케어센터,재가노인복지시설,재가노인복지시설,"인천광역시 서구 신진말로 36, 1층 (가좌동)",39,개인,2019-08-22,032-573-3179,2026-06-10
146,봄봄재활데이케어센터,재가노인복지시설,재가노인복지시설,"인천광역시 서구 건지로 183, 2층 (석남동)",61,개인,2025-08-01,032-573-9538,2026-06-10
147,으뜸주야간보호센터,재가노인복지시설,재가노인복지시설,"인천광역시 서구 청마로19번길 21, 3층 (당하동)",38,개인,2019-09-30,032-564-2207,2026-06-10
148,청라효주야간보호센터,재가노인복지시설,재가노인복지시설,"인천광역시 서구 중봉대로 588, 1001호 (청라동, 센트럴프라자)",38,개인,2023-05-01,032-563-7709,2026-06-10
149,김간호사 재활 주간보호,재가노인복지시설,재가노인복지시설,"인천광역시 서구 완정로45번길 16, 201호 (마전동)",37,개인,2024-03-01,032-724-9887,2026-06-10
150,서구루원노인주간보호센터,재가노인복지시설,재가노인복지시설,"인천광역시 서구 염곡로 472, 302~304호 (가정동)",41,개인,2023-07-01,032-565-0035,2026-06-10
151,두드림주간보호센터,재가노인복지시설,재가노인복지시설,"인천광역시 서구 심곡로 78, 2,3층 (심곡동, 도시빌딩)",49,개인,2018-07-27,032-563-3388,2026-06-10
152,대교뉴이프 주간보호센터 인천청라센터,재가노인복지시설,재가노인복지시설,"인천광역시 서구 청라에메랄드로102번길 8-18, 3층 (청라동)",80,개인,2025-03-01,032-564-1007,2026-06-10
153,삼성노인복지센터,재가노인복지시설,재가노인복지시설,"인천광역시 서구 원적로47번길 27-2, 1층 (가좌동)",0,개인,2024-05-01,032-573-3522,2026-06-10
154,어르신의하루 데이케어센터,재가노인복지시설,재가노인복지시설,"인천광역시 서구 검단로 748, 206호 (불로동, 일번지프라자)",50,개인,2022-10-01,032-568-1995,2026-06-10
155,샬롬노인복지센터,재가노인복지시설,재가노인복지시설,"인천광역시 서구 완정로64번길 7, 108동 601호 (마전동, 영남탑스빌아파트)",0,개인,2017-04-01,032-565-1680,2026-06-10
156,서해구재활방문요양센터,재가노인복지시설,재가노인복지시설,"인천광역시 서구 서곶로255번길 14-15, 202호 (심곡동, 태원상가)",0,개인,2024-01-01,032-563-9986,2026-06-10
157,제일사랑노인복지센터,재가노인복지시설,재가노인복지시설,"인천광역시 서구 칠천왕로33번길 22, 3층 (석남동)",0,개인,2024-09-01,032-574-0984,2026-06-10
158,향기재가노인복지센터,재가노인복지시설,재가노인복지시설,"인천광역시 서구 서곶로 816, 가동 205호 (당하동)",0,개인,2021-03-01,032-563-8927,2026-06-10
159,성광재가노인지원서비스센터,재가노인복지시설,재가노인복지시설,인천광역시 서구 가정로126번길 23 (가좌동),0,법인,2008-05-30,032-577-1590,2026-06-10
160,소망 노인복지센터,재가노인복지시설,재가노인복지시설,"인천광역시 서구 건지로284번길 4, 101호 (가좌동, 영화연립)",0,개인,2021-02-01,032-571-0112,2026-06-10
161,기억너머주야간보호센터,재가노인복지시설,재가노인복지시설,인천광역시 서구 도곡로 198 (대곡동),43,개인,2018-08-22,032-567-3129,2026-06-10
162,가가호호주간보호센터,재가노인복지시설,재가노인복지시설,"인천광역시 서구 고산후로95번길 28, 302호 (당하동, 풍산프라자)",45,개인,2020-01-01,032-721-8788,2026-06-10
163,검단사랑의집 주야간보호센터,재가노인복지시설,재가노인복지시설,"인천광역시 서구 검단로 783, 3층 (불로동, 정모빌딩)",24,개인,2023-05-01,032-568-1312,2026-06-10
164,성문노인복지센터,재가노인복지시설,재가노인복지시설,인천광역시 서구 고산로40번1길 28 (원당동),16,개인,2017-04-14,032-567-0399,2026-06-10
165,누리주야간보호센터,재가노인복지시설,재가노인복지시설,"인천광역시 서구 원당대로 848, 5층 501호 (당하동)",32,개인,2019-08-16,032-565-0166,2026-06-10
166,푸른재가복지센터,재가노인복지시설,재가노인복지시설,"인천광역시 서구 완정로34번길 47, 101동 101호 (마전동, 현대아파트)",0,개인,2023-02-01,032-567-5279,2026-06-10
167,감사재가복지센터,재가노인복지시설,재가노인복지시설,"인천광역시 서구 고래울로 31, 2층 (가좌동)",0,개인,2024-10-01,032-582-1577,2026-06-10
168,영트립재가노인복지센터,재가노인복지시설,재가노인복지시설,"인천광역시 서구 가현로 21, 201호 (마전동, 마전1차풍림아이원아파트 상가동)",0,개인,2026-05-01,,2026-06-10
169,일곱재가복지센터,재가노인복지시설,재가노인복지시설,"인천광역시 서구 여우재로 106-1, 1층 102호 (가좌동)",0,개인,2024-11-01,032-710-9534,2026-06-10
170,검암노인주야간보호센터,재가노인복지시설,재가노인복지시설,"인천광역시 서구 승학로 498, 401호 (검암동, 서해프라자)",53,개인,2020-04-01,032-568-9191,2026-06-10
171,더홈주야간보호센터,재가노인복지시설,재가노인복지시설,인천광역시 서구 완정로178번길 56-1 (마전동),35,개인,2023-12-01,032-565-3317,2026-06-10
172,보경사랑노인주간보호센터,재가노인복지시설,재가노인복지시설,"인천광역시 서구 검단로502번길 18, 7층 (마전동, 제일프라자)",40,개인,2020-03-16,032-561-2677,2026-06-10
173,삼성노인주야간보호센터,재가노인복지시설,재가노인복지시설,"인천광역시 서구 신진말로 37-1, 2층 (가좌동)",27,개인,2023-04-01,032-577-5940,2026-06-10
174,아름드리주간보호센터,재가노인복지시설,재가노인복지시설,"인천광역시 서구 승학로 246, 2층 (심곡동)",31,개인,2023-05-01,032-710-7077,2026-06-10
175,다솔재가복지센터,재가노인복지시설,재가노인복지시설,"인천광역시 서구 원당대로 1039, 101동 1014호 (원당동)",0,개인,2025-04-01,032-710-0893,2026-06-10
176,초원주야간보호센터,재가노인복지시설,재가노인복지시설,"인천광역시 서구 청라에메랄드로102번길 26, 5,6층 (청라동)",58,개인,2019-12-03,032-561-8853,2026-06-10
177,다온재가복지센터,재가노인복지시설,재가노인복지시설,"인천광역시 서구 가정로 136, AB동 108호 (가좌동, 삼영아파트)",0,개인,2021-11-01,032-573-7995,2026-06-10
178,마음모아노인재가복지센터,재가노인복지시설,재가노인복지시설,"인천광역시 서구 원적로95번길 15, 2층 (가좌동)",0,개인,2022-04-01,032-584-8216,2026-06-10
179,가온누리재가노인복지센터,재가노인복지시설,재가노인복지시설,"인천광역시 서구 심곡로24번길 7, 101호 (심곡동)",0,개인,2024-02-01,032-466-4198,2026-06-10
180,행복한재가복지센터,재가노인복지시설,재가노인복지시설,"인천광역시 서구 검단로 842, 2층 209호 (불로동, 월드중앙상가동)",0,개인,2025-10-01,,2026-06-10
181,한가람노인복지센터,재가노인복지시설,재가노인복지시설,"인천광역시 서구 완정로 198, 5층 (마전동, 노른자빌딩)",38,개인,2025-10-01,032-719-8588,2026-06-10
182,검단엘림주간보호센터,재가노인복지시설,재가노인복지시설,"인천광역시 서구 원당대로 859, 601호 (원당동, 원당메디칼프라자)",61,개인,2026-05-01,032-564-5114,2026-06-10
183,"""A(+)""수정방문간호센터",재가노인복지시설,재가노인복지시설,"인천광역시 서구 완정로64번길 4, 303호 (마전동)",0,개인,2025-02-01,032-563-1457,2026-06-10
184,그레이스힐단기보호센터,재가노인복지시설,재가노인복지시설,"인천광역시 서구 검단로623번길 17, 3~5층 (마전동, 동인빌딩)",12,법인,2026-03-01,070-4550-8920,2026-06-10
185,토마토 안심재가센터 검단점,재가노인복지시설,재가노인복지시설,"인천광역시 서구 완정로165번안길 1, 206호 (왕길동, 이편한프라자)",0,법인,2026-03-01,02-6272-2277,2026-06-10
186,인천바른방문요양센터,재가노인복지시설,재가노인복지시설,"인천광역시 서구 이음대로 384, 708호 (원당동, 서영아너시티플러스)",0,개인,2024-12-01,032-561-7706,2026-06-10
187,가온방문요양센터,재가노인복지시설,재가노인복지시설,"인천광역시 서구 고산후로121번안길 35, 402호 (원당동)",0,개인,2024-01-01,032-566-6645,2026-06-10
188,샬롬재가복지센터,재가노인복지시설,재가노인복지시설,"인천광역시 서구 고래울로 23-14, B01호 (가좌동)",0,개인,2013-06-11,032-573-5560,2026-06-10
189,백세 주간보호센터,재가노인복지시설,재가노인복지시설,"인천광역시 서구 서달로 20, 2층 (석남동, ss플라자)",41,개인,2021-07-01,032-579-3310,2026-06-10
190,도토리재가복지센터,재가노인복지시설,재가노인복지시설,"인천광역시 서구 건지로348번길 27, 2층 (가좌동)",0,개인,2024-05-01,032-522-2349,2026-06-10
191,두드림복지용구,재가노인복지시설,재가노인복지시설,"인천광역시 서구 봉오재3로 120, 602호 (가정동)",0,개인,2023-11-01,032-563-3388,2026-06-10
192,남송재가노인복지센타,재가노인복지시설,재가노인복지시설,"인천광역시 서구 원창로 174, 101호 (신현동, 남송프라자)",0,개인,2020-10-01,032-575-7997,2026-06-10
193,행운재가복지센터,재가노인복지시설,재가노인복지시설,"인천광역시 서구 율도로 74-4, 102호 (석남동)",0,개인,2026-05-01,032-578-8885,2026-06-10
194,정 재가노인복지센터,재가노인복지시설,재가노인복지시설,"인천광역시 서구 가정로223번길 28, 2층 206호 (석남동)",0,개인,2024-10-01,032-719-4950,2026-06-10
195,솔잎재가복지센터,재가노인복지시설,재가노인복지시설,"인천광역시 서구 봉오대로318번길 16, 제16동 상가106호 (가정동)",0,개인,2025-10-01,032-564-0688,2026-06-10
196,인천다손방문요양센터,재가노인복지시설,재가노인복지시설,"인천광역시 서구 원당대로 677, 310호 (마전동)",0,개인,2025-11-01,,2026-06-10
197,행복나눔노인복지센터,재가노인복지시설,재가노인복지시설,"인천광역시 서구 이화로 27, 101호 (경서동)",0,개인,2020-03-16,032-565-4123,2026-06-10
198,한가족방문요양센터,재가노인복지시설,재가노인복지시설,"인천광역시 서구 검단로768번길 10, 306호 (불로동, 창성프라자)",0,개인,2026-04-01,032-564-5561,2026-06-10
199,성진재가복지센터,재가노인복지시설,재가노인복지시설,"인천광역시 서구 승학로 244, 610호 (심곡동, 제스트빌)",0,개인,2026-05-01,032-566-4158,2026-06-10
200,대현케어재가센터,재가노인복지시설,재가노인복지시설,"인천광역시 서구 원창로 196, 2층 (신현동)",0,개인,2024-03-01,032-576-7527,2026-06-10
201,(주)다빈 재가노인복지센터,재가노인복지시설,재가노인복지시설,"인천광역시 서구 가정로 127, 4층 402호 (가좌동)",0,법인,2024-07-01,032-572-5532,2026-06-10
202,다온케어복지센터,재가노인복지시설,재가노인복지시설,"인천광역시 서구 신석로77번길 29, 1층 (석남동)",0,개인,2024-01-01,032-582-9117,2026-06-10
203,가영노인복지센터,재가노인복지시설,재가노인복지시설,"인천광역시 서구 완정로 144, 907호 (마전동)",0,개인,2022-11-01,032-567-4533,2026-06-10
204,참사리재가방문센터,재가노인복지시설,재가노인복지시설,"인천광역시 서구 새오개로 32, 1층 (석남동)",0,개인,2025-12-01,032-578-1002,2026-06-10
205,참조은재가복지센터,재가노인복지시설,재가노인복지시설,인천광역시 서구 염곡로 309 (석남동),0,개인,2021-01-01,032-573-7752,2026-06-10
206,선영재가복지센터,재가노인복지시설,재가노인복지시설,"인천광역시 서구 신석로51번안길 19, 2층 (석남동)",0,개인,2021-04-01,032-573-0796,2026-06-10
207,복지콜주야간보호센터,재가노인복지시설,재가노인복지시설,"인천광역시 서구 완정로64번길 12 (마전동, 영남빌딩 2층,3층,5층)",59,개인,2011-05-31,032-565-3129,2026-06-10
208,놀터 주간보호센터,재가노인복지시설,재가노인복지시설,"인천광역시 서구 탁옥로 37, 601호 (심곡동, 우리타워)",27,개인,2020-01-01,032-569-5633,2026-06-10
209,효랑방문요양간호센터,재가노인복지시설,재가노인복지시설,"인천광역시 서구 청마로167번길 16, 502-1호 (당하동)",0,개인,2026-03-01,032-719-8919,2026-06-10
210,효나눔방문요양센터,재가노인복지시설,재가노인복지시설,"인천광역시 서구 완정로228번길 12-13, 상가동 2층 203호 (금곡동, 하나아파트)",0,개인,2023-04-01,032-567-2840,2026-06-10
211,사랑드림재가노인복지센터,재가노인복지시설,재가노인복지시설,"인천광역시 서구 대평로56번길 32, 2층 204호 (연희동, 우성아파트 상가동)",0,개인,2024-12-01,032-565-7629,2026-06-10
212,사랑방문요양센터,재가노인복지시설,재가노인복지시설,"인천광역시 서구 가정로 302, 4층 (석남동, 삼정빌딩)",0,개인,2025-06-01,032-715-5200,2026-06-10
213,서구재활주간보호센터,재가노인복지시설,재가노인복지시설,"인천광역시 서구 탁옥로 104, 2층 (심곡동, 다빈치프라자)",50,개인,2022-07-01,032-563-9988,2026-06-10
214,벧엘 재가복지센터,재가노인복지시설,재가노인복지시설,인천광역시 서구 가정로 186-3 (석남동),0,개인,2024-01-23,032-583-9541,2026-06-10
215,늘사랑 주야간보호센터,재가노인복지시설,재가노인복지시설,"인천광역시 서구 탁옥로 88, 201호 (심곡동)",31,개인,2024-07-03,032-579-6707,2026-06-10
216,황금들녘재가노인복지센터,재가노인복지시설,재가노인복지시설,"인천광역시 서구 가정로294번길 8-1, 1층 (석남동)",0,개인,2023-02-01,032-572-2298,2026-06-10
217,'(A)비지팅엔젤스 인천검단방문요양지점,재가노인복지시설,재가노인복지시설,"인천광역시 서구 봉수대로1440번길 45, 307호 (왕길동, 신명프라자)",0,개인,2021-05-01,032-563-1027,2026-06-10
218,행복한 동행 방문요양센터,재가노인복지시설,재가노인복지시설,"인천광역시 서구 봉화로 18, 108동 403호 (왕길동, 드림파크어울림 1단지)",0,개인,2023-05-01,032-561-5863,2026-06-10
219,쉼터재가노인복지센터,재가노인복지시설,재가노인복지시설,"인천광역시 서구 서곶로255번길 14-15, 1층 106호 (심곡동)",0,개인,2023-08-01,032-569-6663,2026-06-10
220,가족사랑재가복지센터,재가노인복지시설,재가노인복지시설,인천광역시 서구 신석로112번길 24 (석남동),0,개인,2025-08-01,,2026-06-10
221,가족사랑재가요양센터,재가노인복지시설,재가노인복지시설,"인천광역시 서구 길주로 79, 305호 (석남동, 성한캣슬)",0,개인,2020-08-01,032-361-2205,2026-06-10
222,가원케어(주),재가노인복지시설,재가노인복지시설,"인천광역시 서구 석남로109번길 3, 1층 (석남동)",0,법인,2020-05-07,032-577-5969,2026-06-10
223,이든노인복지센터,재가노인복지시설,재가노인복지시설,"인천광역시 서구 봉화로69번길 3, 1층 (오류동)",0,개인,2020-08-01,032-565-8874,2026-06-10
224,가정재가노인복지센터,재가노인복지시설,재가노인복지시설,"인천광역시 서구 가정로 387, 101동 502호 (신현동, 루원e-편한세상하늘채아파트)",0,개인,2025-07-01,032-710-5829,2026-06-10
225,햇살재가복지센터,재가노인복지시설,재가노인복지시설,"인천광역시 서구 염곡로 172, 101호 (석남동, 경남아너스빌 상가동)",0,개인,2024-05-01,032-272-2580,2026-06-10
226,가정방문재가복지센터,재가노인복지시설,재가노인복지시설,"인천광역시 서구 면개포로10번길 19, 1층 (석남동)",0,개인,2020-12-01,032-572-2369,2026-06-10
227,아리아케어 방문요양 검단아라센터,재가노인복지시설,재가노인복지시설,"인천광역시 서구 이음4로 10, 606호 (당하동, 검단신도시KR법조타워2)",0,개인,2025-12-01,,2026-06-10
228,샤론재가복지센터,재가노인복지시설,재가노인복지시설,"인천광역시 서구 건지로318번길 32-1, 102호 (가좌동)",0,개인,2020-06-01,032-573-5055,2026-06-10
229,해솔케어재가복지센터,재가노인복지시설,재가노인복지시설,"인천광역시 서구 심곡로 133, 209호 (심곡동, 대동아파트 상가)",0,개인,2026-01-01,,2026-06-10
230,‘(A)비지팅엔젤스 인천서구방문요양지점,재가노인복지시설,재가노인복지시설,"인천광역시 서구 서곶로332번길 2, 102호 (심곡동)",0,개인,2023-10-01,032-716-9553,2026-06-10
231,천사노인복지센터,재가노인복지시설,재가노인복지시설,"인천광역시 서구 완정로178번안길 10, 1층 (마전동)",0,개인,2019-04-01,032-568-1004,2026-06-10
232,은빛노인복지센터,재가노인복지시설,재가노인복지시설,"인천광역시 서구 율도로111번길 13, 101동 비01호 (가정동, 인정아트빌)",0,법인,2023-08-01,032-572-4787,2026-06-10
233,희망재가복지센터,재가노인복지시설,재가노인복지시설,"인천광역시 서구 승학로 244, 411호 (심곡동, 제스트빌)",0,개인,2020-10-01,032-565-0082,2026-06-10
234,상생마을재가복지센터 꿈터,재가노인복지시설,재가노인복지시설,인천광역시 서구 율도로16번길 18 (석남동),0,법인,2024-01-01,032-571-4466,2026-06-10
235,영은효재가노인복지센터,재가노인복지시설,재가노인복지시설,"인천광역시 서구 탁옥로 105, 101호 (심곡동)",0,개인,2021-09-01,032-566-0688,2026-06-10
236,검단보람주간보호센터,재가노인복지시설,재가노인복지시설,"인천광역시 서구 청마로7번길 15, 2층 (당하동)",29,개인,2024-05-01,032-569-4666,2026-06-10
237,드림재가방문요양센터,재가노인복지시설,재가노인복지시설,"인천광역시 서구 원적로47번길 6, 201호 (가좌동, 풍림아파트상가)",0,개인,2022-09-01,032-573-9885,2026-06-10
238,예원노인복지센터,재가노인복지시설,재가노인복지시설,"인천광역시 서구 건지로284번길 15, 2층 205호 (가좌동)",0,개인,2023-09-01,032-573-6788,2026-06-10
239,더사랑노인복지지원센터,재가노인복지시설,재가노인복지시설,"인천광역시 서구 고산후로121번길 25, 5층 502-2호 (원당동, 제일프라자)",0,개인,2024-10-01,032-566-4918,2026-06-10
240,참살이재가복지센터,재가노인복지시설,재가노인복지시설,"인천광역시 서구 서곶로 359-1, 2층 (연희동)",0,개인,2024-01-01,032-564-7001,2026-06-10
241,돌보인방문요양센터 인천서구점,재가노인복지시설,재가노인복지시설,"인천광역시 서구 가정로 451, 906호 (가정동, 벨라미센텀시티)",0,법인,2025-12-01,032-563-9993,2026-06-10
242,가온재가복지센터,재가노인복지시설,재가노인복지시설,인천광역시 서구 거북로84번길 3-3 (석남동),0,개인,2025-12-01,032-561-8610,2026-06-10
243,샘물재가복지센터,재가노인복지시설,재가노인복지시설,"인천광역시 서구 거북로 106, 2층 3호 (석남동)",0,개인,2020-12-01,032-571-0935,2026-06-10
244,돌봄상민실버케어센터,재가노인복지시설,재가노인복지시설,"인천광역시 서구 길주로 79, 511호 (석남동)",0,개인,2025-09-01,,2026-06-10
245,돌봄방문재가복지센터,재가노인복지시설,재가노인복지시설,"인천광역시 서구 승학로216번길 1, 202호 (심곡동)",0,개인,2024-08-01,032-543-1010,2026-06-10
246,청라성심노인주간보호센터,재가노인복지시설,재가노인복지시설,"인천광역시 서구 크리스탈로 100, 2층 208~211호 (청라동)",51,개인,2019-06-03,032-567-0179,2026-06-10
247,늘편한방문요양센터,재가노인복지시설,재가노인복지시설,인천광역시 서구 도요지로42번길 21-1 (경서동),0,개인,2026-04-01,032-528-8511,2026-06-10
248,좋은열매재가복지센터,재가노인복지시설,재가노인복지시설,"인천광역시 서구 원당대로685번길 31, A동 205호 (마전동)",0,개인,2025-04-01,032-569-7688,2026-06-10
249,일등재가복지센터,재가노인복지시설,재가노인복지시설,"인천광역시 서구 완정로178번길 33, 상가동 109호 (마전동, 목화아파트)",0,개인,2024-08-01,032-564-6334,2026-06-10
250,ACE동행방문간호요양센터,재가노인복지시설,재가노인복지시설,"인천광역시 서구 염곡로464번길 30, 917호 (가정동, 벨라미1차)",0,개인,2025-05-01,032-262-2815,2026-06-10
251,당근8899 메디마켓,재가노인복지시설,재가노인복지시설,"인천광역시 서구 봉수대로1440번길 4, 상가동 102호 (왕길동, 검단풍림아이원아파트)",0,개인,2026-03-01,02-6272-2277,2026-06-10
252,굿케어방문요양서비스센터,재가노인복지시설,재가노인복지시설,"인천광역시 서구 길주로136번길 19-1, 2층 201호 (석남동)",0,개인,2023-07-01,032-581-3331,2026-06-10
253,동행하는재가복지센터,재가노인복지시설,재가노인복지시설,"인천광역시 서구 검단로487번길 5, 3층 (마전동)",0,개인,2019-10-28,032-568-2004,2026-06-10
254,해량재가복지센터,재가노인복지시설,재가노인복지시설,"인천광역시 서구 승학로 515, 406호 (검암동)",0,개인,2022-02-01,032-563-8664,2026-06-10
255,태산의료기복지용구,재가노인복지시설,재가노인복지시설,"인천광역시 서구 석남로 72-3, 1층 (석남동)",0,개인,2026-02-01,032-710-8909,2026-06-10
256,가가요양복지센터,재가노인복지시설,재가노인복지시설,"인천광역시 서구 검단로623번길 9, 3층 301호 (마전동)",0,개인,2019-12-09,032-1877-9975,2026-06-10
257,보살핌방문요양센터,재가노인복지시설,재가노인복지시설,"인천광역시 서구 봉오대로283번길 6, 상가 101호 (가정동)",0,개인,2025-12-01,032-562-6262,2026-06-10
258,생기나는집,재가노인복지시설,재가노인복지시설,"인천광역시 서구 봉오재3로110번길 7, 507호 (가정동)",0,개인,2025-12-01,,2026-06-10
259,서연방문재활간호 재가요양센터(인천점),재가노인복지시설,재가노인복지시설,"인천광역시 서구 이음대로 384, 713호 (원당동, 서영아너시티플러스)",0,개인,2023-06-01,032-566-2159,2026-06-10
260,태화인천재가노인지원서비스센터,재가노인복지시설,재가노인복지시설,"인천광역시 서구 심곡로124번길 10, 3층 (심곡동)",0,법인,2008-05-30,032-568-3206,2026-06-10
261,안나재가방문요양센터,재가노인복지시설,재가노인복지시설,"인천광역시 서구 비즈니스로28번길 13, 563동 2903호 (청라동)",0,개인,2025-10-01,,2026-06-10
262,(주)케어마스타재가복지센타,재가노인복지시설,재가노인복지시설,"인천광역시 서구 염곡로 242-1, 3층 (석남동)",0,법인,2025-01-01,032-710-5803,2026-06-10
263,나누리방문간호센터,재가노인복지시설,재가노인복지시설,"인천광역시 서구 승학로 403, 2층 (검암동)",0,개인,2024-09-01,032-719-9899,2026-06-10
264,예성재가노인복지센터,재가노인복지시설,재가노인복지시설,"인천광역시 서구 건지로 310, 101호 (가좌동)",0,개인,2024-12-01,,2026-06-10
265,코리아 의료기 복지용구,재가노인복지시설,재가노인복지시설,"인천광역시 서구 건지로249번길 32-4, 1층 (석남동)",0,개인,2024-08-01,070-4647-4784,2026-06-10
266,서인천의료기,재가노인복지시설,재가노인복지시설,"인천광역시 서구 서달로105번길 4, 101호 (석남동)",0,개인,2025-08-01,032-572-3588,2026-06-10
267,해오름재가복지센터,재가노인복지시설,재가노인복지시설,"인천광역시 서구 염곡로 309, 2층 (석남동, 단양상가)",0,개인,2025-03-01,032-578-3348,2026-06-10
268,에스더손길나눔 재가센터,재가노인복지시설,재가노인복지시설,"인천광역시 서구 고산후로78번길 42-1, 102동 502호 (당하동, 포스코빌)",0,개인,2021-08-01,032-566-6377,2026-06-10
269,해든복지용구,재가노인복지시설,재가노인복지시설,"인천광역시 서구 원당대로 843, 602,603호 (원당동)",0,개인,2024-08-01,032-0000-0000,2026-06-10
270,가좌의료기,재가노인복지시설,재가노인복지시설,"인천광역시 서구 장고개로 265, 101호 (가좌동, 가좌동 대미안)",0,개인,2021-04-30,032-583-7771,2026-06-10
271,나눔노인복지센터,재가노인복지시설,재가노인복지시설,"인천광역시 서구 검단로529번길 9, 1층 2호 (마전동, 이지2차미래지향아파트 2단지)",0,개인,2024-06-01,032-569-9005,2026-06-10
272,검단바로재가복지센터,재가노인복지시설,재가노인복지시설,"인천광역시 서구 완정로8번길 25, 201호 (마전동)",0,개인,2023-03-01,032-563-6327,2026-06-10
273,메디홈케어재가노인복지센터,재가노인복지시설,재가노인복지시설,"인천광역시 서구 청라에메랄드로 78, 2층 206호 (청라동, 딜라이트타워)",0,개인,2022-08-01,032-569-4900,2026-06-10
274,돌핀투원복지용구,재가노인복지시설,재가노인복지시설,"인천광역시 서구 심곡로 53, 7층 702호 (심곡동)",0,개인,2024-05-01,,2026-06-10
275,새빛 노인복지센터,재가노인복지시설,재가노인복지시설,"인천광역시 서구 건지로 322-1, 1층 (가좌동)",0,개인,2019-09-03,032-574-0110,2026-06-10
