시군명,의료기관명,종류,병상수,주소
목포시,의료법인해민의료재단 세안종합병원,종합병원,367,"전라남도 목포시 고하대로 795-2 (연산동,(연산동))"
목포시,의료법인목포구암의료재단 목포중앙병원,종합병원,342,전라남도 목포시 영산로 627 (석현동)
목포시,목포기독병원,종합병원,357,전라남도 목포시 백년대로 303 (상동)
목포시,목포한국병원,종합병원,576,전라남도 목포시 영산로 483 (상동)
목포시,목포시의료원,종합병원,299,"전라남도 목포시 이로로 18 (용해동, (용해동))"
여수시,여천전남병원,종합병원,299,"전라남도 여수시 무선로 95 (선원동, (선원동))"
여수시,의료법인한마음의료재단 여수제일병원,종합병원,399,"전라남도 여수시 쌍봉로 70 (학동, (학동))"
여수시,여수전남병원,종합병원,283,"전라남도 여수시 좌수영로 49 (광무동, (광무동))"
순천시,의료법인청언의료재단 순천제일병원,종합병원,200,전라남도 순천시 기적의도서관1길 3 (조례동)
순천시,의료법인한국의료재단 순천한국병원,종합병원,242,전라남도 순천시 우명길 42 (연향동)
순천시,성가롤로병원,종합병원,555,전라남도 순천시 순광로 221 (조례동)
순천시,전라남도 순천의료원,종합병원,267,전라남도 순천시 서문성터길 2 (매곡동)
순천시,순천중앙병원,종합병원,200,전라남도 순천시 장명로 5 (장천동)
순천시,근로복지공단 순천병원,종합병원,266,"전라남도 순천시 조례1길 24 (조례동, (조례동))"
나주시,빛가람종합병원,종합병원,200,전라남도 나주시 정보화길 49-0 (빛가람동)
나주시,나주종합병원,종합병원,178,"전라남도 나주시 영산로 5419 (성북동,나주종합병원)"
광양시,의료법인현경의료재단 광양서울병원,종합병원,210,전라남도 광양시 진등길 93 (마동)
광양시,광양사랑병원,종합병원,159,"전라남도 광양시 공영로 71 (중동, (중동))"
고흥군,의료법인영성의료재단 고흥종합병원,종합병원,260,전라남도 고흥군 고흥읍 고흥로 1935
화순군,화순전남대학교병원,종합병원,655,전라남도 화순군 화순읍 서양로 322
장흥군,의료법인 우범의료재단 장흥종합병원,종합병원,182,전라남도 장흥군 장흥읍 흥성로 74 (74)
해남군,해남우리종합병원,종합병원,448,전라남도 해남군 옥천면 해남로 597
해남군,의료법인행촌의료재단 해남종합병원,종합병원,299,전라남도 해남군 해남읍 해남로 45
무안군,의료법인대송의료재단 무안병원,종합병원,272,전라남도 무안군 무안읍 몽탄로 65
영광군,의료법인거명의료재단 영광기독병원,종합병원,206,전라남도 영광군 영광읍 신남로 265
영광군,영광종합병원,종합병원,290,전라남도 영광군 영광읍 와룡로 3
목포시,솔튼병원,병원,128,"전라남도 목포시 고하대로 724-0 (산정동,솔튼병원)"
목포시,목포신세계병원,병원,84,"전라남도 목포시 백년대로 258-0 (상동, (상동))"
목포시,마디정형외과병원,병원,40,"전라남도 목포시 백년대로 298-0, 4,5층 (상동,센트럴메디파크)"
목포시,목포청담병원,병원,60,"전라남도 목포시 청호로 109-0 (산정동, (산정동))"
목포시,목포현대병원,병원,268,전라남도 목포시 용당로 322-1 (용해동)
목포시,조연이비인후과병원,병원,72,전라남도 목포시 백년대로 298 (상동)
목포시,목포예향병원,병원,120,전라남도 목포시 삼학로223번길 38 (산정동)
목포시,목포아동병원,병원,41,전라남도 목포시 옥암로 149 (상동)
목포시,목포미래병원,병원,72,"전라남도 목포시 녹색로 41 (석현동, (석현동))"
목포시,목포미즈아이병원,병원,99,전라남도 목포시 백년대로 418 (옥암동)
목포시,제일내과병원,병원,36,"전라남도 목포시 섶나루길 126 (상동,126)"
목포시,목포장문외과병원,병원,31,전라남도 목포시 백년대로 322 (상동)
목포시,목포한사랑병원,병원,59,"전라남도 목포시 백년대로 335 (상동, (상동))"
목포시,의료법인세양의료재단신안병원,병원,85,전라남도 목포시 산정로 12 (동명동)
목포시,국립목포병원,병원,204,"전라남도 목포시 신지마을1길 75 (석현동,(석현동))"
목포시,의료법인항운의료재단 목포노동병원,병원,60,전라남도 목포시 수강로12번길 11-1 (행복동2가)
여수시,여수가온병원,병원,140,전라남도 여수시 좌수영로 251-0 (오림동)
여수시,여수중앙병원,병원,214,"전라남도 여수시 둔덕2길 6-3 (미평동, (미평동))"
여수시,예울병원,병원,37,전라남도 여수시 신월로 114 (웅천동)
여수시,씨에스나무병원,병원,56,"전라남도 여수시 도원로 164-1 (안산동, (안산동))"
여수시,여수한국병원,병원,221,전라남도 여수시 여천체육공원길 10 (신기동)
여수시,여수백병원,병원,130,전라남도 여수시 여서1로 50 (여서동)
여수시,의료법인 미나의료재단 여수문화병원,병원,99,전라남도 여수시 대치3길 26 (여서동)
여수시,사회복지법인 여수애양병원,병원,174,전라남도 여수시 율촌면 구암길 319
순천시,순정병원,병원,83,전라남도 순천시 해룡면 지봉로 372-3 (순정병원)
순천시,순천에스병원,병원,53,"전라남도 순천시 용당삼산로 11-0 (용당동, (용당동))"
순천시,이노스이비인후과병원,병원,43,전라남도 순천시 봉화3길 14-28 (조례동)
순천시,신대온누리병원,병원,66,"전라남도 순천시 해룡면 향매로 97-0, 2,6~7     층"
순천시,순천희망병원,병원,200,전라남도 순천시 중앙로 4 (장천동)
순천시,척병원,병원,61,전라남도 순천시 팔마로 205 (덕암동)
순천시,연세광혜병원,병원,30,전라남도 순천시 중앙로 166 (매곡동)
순천시,청연우리병원,병원,40,전라남도 순천시 팔마로 212 (풍덕동)
순천시,힘플러스병원,병원,96,전라남도 순천시 신월큰길 13 (조례동)
순천시,플러스아이미코병원,병원,62,전라남도 순천시 신월큰길 7-0 (조례동)
순천시,순천센텀병원,병원,56,"전라남도 순천시 백연길 100 (조례동, (조례동))"
순천시,미즈여성아동병원,병원,87,"전라남도 순천시 조례1길 10-26 (조례동, (조례동))"
순천시,순천우리병원,병원,92,전라남도 순천시 이수로 291 (조례동)
순천시,의료법인진의료재단 순천평화병원,병원,316,전라남도 순천시 양율길 180 (대룡동)
순천시,순천하나병원,병원,173,전라남도 순천시 팔마로 215 (덕암동)
순천시,오병원,병원,88,전라남도 순천시 충효로 150 (연향동)
순천시,의료법인내일의료재단 현대여성아동병원,병원,99,전라남도 순천시 장선배기1길 8 (조례동)
나주시,엔에이치미래아동병원,병원,52,전라남도 나주시 중야2길 29-0 (빛가람동)
광양시,의료법인파스카의료재단 광양우리병원,병원,201,전라남도 광양시 광양읍 숲샘길 80-0
광양시,강남병원,병원,78,전라남도 광양시 중마중앙로 17 (중동)
광양시,의료법인광양의료재단 광양병원,병원,30,전라남도 광양시 광양읍 인덕로 992
담양군,담양사랑병원,병원,86,전라남도 담양군 담양읍 천변7길 19
곡성군,의료법인대송의료재단 곡성사랑병원,병원,91,전라남도 곡성군 곡성읍 곡성로 761
구례군,구례병원,병원,97,전라남도 구례군 구례읍 동편제길 4
고흥군,고흥윤호21병원,병원,99,전라남도 고흥군 고흥읍 터미널길 16-0
고흥군,의료법인장호의료재단 녹동현대병원,병원,118,전라남도 고흥군 도양읍 차경구렁목길 215
고흥군,국립소록도병원 ,병원,674,전라남도 고흥군 도양읍 소록해안길 65
보성군,의료법인삼호의료재단 삼호병원,병원,341,전라남도 보성군 벌교읍 남하로 12
보성군,아산사회복지재단 보성아산병원,병원,100,전라남도 보성군 미력면 가평길 36-17
화순군,화순성심병원,병원,240,전라남도 화순군 화순읍 만연로 31
화순군,화순고려병원,병원,398,전라남도 화순군 화순읍 충의로 109
화순군,화순중앙병원,병원,213,전라남도 화순군 화순읍 칠충로 101
화순군,화순삼성병원,병원,115,전라남도 화순군 화순읍 서양로 336-3
장흥군,장흥통합의료병원,병원,100,전라남도 장흥군 안양면 로하스로 121
장흥군,장흥우리병원,병원,140,전라남도 장흥군 장흥읍 흥성로 83
강진군,전라남도 강진의료원,병원,199,전라남도 강진군 강진읍 탐진로 5
해남군,해남한국병원,병원,85,전라남도 해남군 해남읍 중앙2로 123
영암군,삼호제일병원,병원,49,전라남도 영암군 삼호읍 신항로 92-0 ( )
영암군,영암한국병원,병원,298,전라남도 영암군 영암읍 오리정길 8
무안군,남악아동병원,병원,44,전라남도 무안군 삼향읍 대죽동로 30
함평군,국군함평병원,병원,100,전라남도 함평군 해보면 신해로 1027
함평군,의료법인인성의료재단 함평성심병원,병원,40,전라남도 함평군 함평읍 영수길 132
장성군,의료법인행복나눔의료재단 장성병원,병원,239,전라남도 장성군 장성읍 역전로 171
장성군,장성혜원병원,병원,150,전라남도 장성군 장성읍 강변안길 22
완도군,완도대성병원,병원,98,전라남도 완도군 완도읍 청해진동로 63
진도군,의료법인남우의료재단 진도전남병원,병원,100,전라남도 진도군 진도읍 남문길 12-11 (진도전남병원)
진도군,진도한국병원,병원,35,전라남도 진도군 진도읍 남문길 48
신안군,의료법인신안대우의료재단 신안대우병원,병원,30,전라남도 신안군 비금면 송치길 155-11
신안군,의료법인서연의료재단 신안천사병원,병원,30,전라남도 신안군 암태면 중부로 1820-6
목포시,목포더좋은요양병원,요양병원,242,전라남도 목포시 용당로 334-0 (용해동)
목포시,옥암힐요양병원,요양병원,94,전라남도 목포시 남악1로52번길 11-4 (옥암동)
목포시,부부요양병원,요양병원,384,전라남도 목포시 영산로 620-1 (석현동)
목포시,정다운요양병원,요양병원,299,"전라남도 목포시 영산로 710-11, 7동 (석현동,정다운요양병원)"
목포시,의료법인청명의료재단 목포참사랑요양병원,요양병원,228,"전라남도 목포시 차범석길35번길 9 (북교동, (북교동))"
목포시,의료법인효경의료재단 효성요양병원,요양병원,432,전라남도 목포시 양을로 456 (상동)
목포시,의료법인새한의료재단 목포성심요양병원,요양병원,599,전라남도 목포시 영산로844번길 13 (대양동)
목포시,의료법인항운의료재단 목포요양병원,요양병원,248,전라남도 목포시 해안로 243-3 (행복동1가)
목포시,아름다운요양병원,요양병원,287,"전라남도 목포시 백년대로 267 (상동,267)"
목포시,의료법인우성의료재단 목포실로암요양병원,요양병원,207,전라남도 목포시 영산로 143 (호남동)
목포시,목포재활요양병원,요양병원,170,"전라남도 목포시 영산로 627 (석현동, (석현동))"
여수시,이안요양병원,요양병원,99,전라남도 여수시 해산4길 37(해산동)
여수시,현송요양병원,요양병원,100,전라남도 여수시 시청로 165-0 (선원동)
여수시,좌수영요양병원,요양병원,284,전라남도 여수시 봉계5길 10-13 (봉계동)
여수시,의료법인보듬의료재단 효드림요양병원,요양병원,124,전라남도 여수시 미평9길 21-0 (미평동)
여수시,청암요양병원,요양병원,251,"전라남도 여수시 둔덕2길 6-5, 0동 (미평동)"
여수시,은혜요양병원,요양병원,498,"전라남도 여수시 거북선공원2길 5-5 (학동, (학동))"
여수시,여수강남요양병원,요양병원,290,전라남도 여수시 진남로 15 (충무동)
여수시,의료법인주영의료재단 동인요양병원,요양병원,276,전라남도 여수시 좌수영로 319 (문수동)
여수시,여수시립요양병원,요양병원,132,전라남도 여수시 둔덕5길 29 (둔덕동)
여수시,재단법인여수요양병원,요양병원,81,전라남도 여수시 화양면 장수로 204-32
순천시,의료법인예선의료재단 예선요양병원,요양병원,262,"전라남도 순천시 제일대학길 3-0 (덕월동,예선요양병원)"
순천시,순천정원요양병원,요양병원,140,"전라남도 순천시 중앙초등길 10-0 (풍덕동, 1동 (풍덕동))"
순천시,순천생협요양병원,요양병원,288,전라남도 순천시 봉화로 62 (조곡동)
순천시,의료법인청울의료재단 선암요양병원,요양병원,197,전라남도 순천시 상사면 상사호길 231
순천시,의료법인진촌의료재단 순천만요양병원,요양병원,379,전라남도 순천시 별량면 덕정길 74
순천시,메디팜요양병원,요양병원,341,전라남도 순천시 양율길 306 (인월동)
순천시,의료법인숭덕의료재단 순천효사랑요양병원,요양병원,257,전라남도 순천시 해룡면 여순로 1600
나주시,나주광주요양병원,요양병원,299,"전라남도 나주시 예향로 3782-0 (이창동, (이창동))"
나주시,한마음요양병원,요양병원,194,전라남도 나주시 왕곡면 영산포로 30-13
나주시,의료법인식산의료재단 나사렛요양병원,요양병원,206,전라남도 나주시 남평읍 세남로 1550
나주시,즐거운요양병원,요양병원,282,전라남도 나주시 노안면 노안삼도로 507-14
나주시,노블요양병원,요양병원,297,전라남도 나주시 남평읍 세남로 1566-3
나주시,의료법인세화의료재단 나주효사랑요양병원,요양병원,784,전라남도 나주시 금천면 영산로 5891-9
나주시,나주중앙요양병원,요양병원,199,"전라남도 나주시 영산로 5406 (성북동, (성북동))"
광양시,탑요양병원,요양병원,80,전라남도 광양시 광양읍 대림오성로 63-0
광양시,수요양병원,요양병원,297,전라남도 광양시 광양읍 덕산4길 35-4
광양시,늘편한요양병원,요양병원,177,전라남도 광양시 중마중앙로 134 (중동)
광양시,의료법인백운의료재단 칠성요양병원,요양병원,156,전라남도 광양시 광양읍 남문3길 7
광양시,광양시공립노인전문요양병원,요양병원,174,"전라남도 광양시 진등길 91 (마동, (마동))"
담양군,인애요양병원,요양병원,146,전라남도 담양군 수북면 추성1로 736-0
담양군,백담의료재단 한울요양병원,요양병원,100,전라남도 담양군 창평면 의병로 196
담양군,창평한마음요양병원,요양병원,244,전라남도 담양군 창평면 화양길 64-14
담양군,의료법인무등산의료재단 무등산생태요양병원,요양병원,187,전라남도 담양군 가사문학면 백아로 2640
곡성군,곡성군립노인전문요양병원,요양병원,146,전라남도 곡성군 겸면 곡순로 1756
구례군,의료법인행림의료재단 새미소요양병원,요양병원,177,전라남도 구례군 구례읍 구례로 28
구례군,의료법인숭덕의료재단 단반트리지리산요양병원,요양병원,173,전라남도 구례군 구례읍 봉동길 31
고흥군,고흥군공립노인전문요양병원,요양병원,171,전라남도 고흥군 고흥읍 고흥로 1941
보성군,보성요양병원,요양병원,172,전라남도 보성군 벌교읍 녹색로 4816-15
보성군,의료법인제석의료재단 보광요양병원,요양병원,199,전라남도 보성군 벌교읍 조정래길 2 (2)
보성군,보성군립요양병원,요양병원,168,전라남도 보성군 벌교읍 남하로 4-10
화순군,비오메드요양병원,요양병원,99,전라남도 화순군 도곡면 온천1길 59-0 (비오메드요양병원)
화순군,화순케어랜드요양병원,요양병원,99,전라남도 화순군 한천면 헌무정길 119
화순군,화순푸른솔요양병원,요양병원,130,전라남도 화순군 화순읍 화동로 68-3 (화순푸른솔요양병원)
화순군,보궁요양병원,요양병원,167,전라남도 화순군 화순읍 서양로 372
화순군,화순베스트요양병원,요양병원,227,전라남도 화순군 화순읍 칠충로 101
화순군,전남제일요양병원,요양병원,292,전라남도 화순군 화순읍 덕음로 999
화순군,백재활요양병원,요양병원,167,전라남도 화순군 화순읍 대교로 147-10
화순군,화순군립요양병원,요양병원,186,전라남도 화순군 화순읍 서양로 330
화순군,미소요양병원,요양병원,131,전라남도 화순군 도곡면 고인돌1로 282-14 (282)
화순군,화순무지개요양병원,요양병원,263,전라남도 화순군 화순읍 진각로 242-8
화순군,마루요양병원,요양병원,194,전라남도 화순군 춘양면 개천로 249
화순군,의료법인무진의료재단 화순현대요양병원,요양병원,249,전라남도 화순군 화순읍 중앙로 8
장흥군,의료법인송지의료재단 장흥요양병원,요양병원,191,전라남도 장흥군 장흥읍 중앙로 6-0 (장흥요양병원)
강진군,강진효요양병원,요양병원,233,전라남도 강진군 강진읍 해강로 1322-0
해남군,의료법인소망의료재단 가나안요양병원,요양병원,184,전라남도 해남군 마산면 마산로 433-15
영암군,영암효요양병원,요양병원,145,전라남도 영암군 덕진면 예향로 1764 (효병원)
무안군,남악정다운요양병원,요양병원,227,전라남도 무안군 삼향읍 삼일로 13-1
무안군,의료법인이영의료재단 시그니티요양병원,요양병원,338,전라남도 무안군 삼향읍 남악로250번길 59-30
무안군,의료법인숭민의료재단 해오름요양병원,요양병원,100,전라남도 무안군 삼향읍 남악4로 53-0 (5~7층)
무안군,공립무안군노인전문요양병원,요양병원,132,전라남도 무안군 무안읍 몽탄로 51-12
함평군,함평군공립요양병원,요양병원,170,전라남도 함평군 학교면 학교화산길 16-19
영광군,영광군공립요양병원,요양병원,142,전라남도 영광군 영광읍 와룡로 3-1
장성군,의료법인해상의료재단 백양요양병원,요양병원,250,전라남도 장성군 삼계면 능성로 29-1
장성군,장성공립노인전문요양병원,요양병원,155,전라남도 장성군 장성읍 강변안길 100
진도군,진도군노인전문요양병원,요양병원,66,전라남도 진도군 의신면 운림산방로 31
신안군,의료법인새림의료재단 압해생태요양병원,요양병원,198,"전라남도 신안군 압해읍 추섬길 50-0, 0동 (의료법인새림압해생태요양병원)"
신안군,신안군공립요양병원,요양병원,80,전라남도 신안군 압해읍 구항길 92-50
목포시,서울한방병원,요양병원,73,전라남도 목포시 삼향천로 106-0 (옥암동)
목포시,편안한방병원,요양병원,80,전라남도 목포시 옥암로 77-1 (상동)
목포시,목포청연한방병원,요양병원,64,"전라남도 목포시 청호로 6-1 (호남동,목포청연한방병원)"
목포시,한국한방병원,요양병원,93,"전라남도 목포시 옥암로 121-0, 1동 (상동,신안빌딩)"
목포시,약수한방병원,요양병원,80,전라남도 목포시 옥암로 190-0 (석현동)
목포시,365매일한방병원,요양병원,66,전라남도 목포시 하당로 253-0 (상동)
목포시,의료법인동명의료재단 동명한방병원,요양병원,99,전라남도 목포시 백년대로 292 (상동)
목포시,동신대학교부속 목포한방병원,요양병원,71,전라남도 목포시 백년대로 313 (상동)
목포시,목포원광한방병원,요양병원,85,전라남도 목포시 하당로153번길 14 (상동)
여수시,다온한방병원,요양병원,54,"전라남도 여수시 둔덕2길 6-6 (미평동,다온한방병원)"
여수시,우리한방병원,요양병원,76,전라남도 여수시 동문로 75-0 (관문동)
여수시,새순한방병원,요양병원,60,"전라남도 여수시 문수로 106-0 (문수동, 3층,6~7층 (문수동,파라다이스빌딩))"
여수시,여천한방병원,요양병원,64,"전라남도 여수시 성산1길 8-7, 0동 (화장동)"
순천시,이본한방병원,요양병원,46,"전라남도 순천시 백강로 375-11, 3,4       층 (조례동,외6필지)"
순천시,우리들한방병원,요양병원,47,"전라남도 순천시 장명로 17 (장천동, 2~6층 (장천동))"
순천시,아나파한방병원,요양병원,54,"전라남도 순천시 순광로 11-0 (조례동,아나파한방병원)"
순천시,의료법인태령의료재단 사랑한방병원,요양병원,100,전라남도 순천시 장선배기2길 20 (조례동)
순천시,제일한방병원,요양병원,46,"전라남도 순천시 제일대학길 12 (덕월동, (덕월동))"
순천시,새순천한방병원,요양병원,61,전라남도 순천시 팔마로 159 (덕암동)
나주시,나주동신대학교한방병원,요양병원,76,"전라남도 나주시 교육길 14-0 (빛가람동,동신대에너지클러스터)"
나주시,동신한방병원,요양병원,44,"전라남도 나주시 성북1길 16-2 (중앙동, (중앙동))"
나주시,의료법인세화의료재단나주원광한방병원,요양병원,75,전라남도 나주시 영산로 5391(성북동)
광양시,광양한방병원,요양병원,34,전라남도 광양시 오류6길 16 (중동)
담양군,동산한방병원,요양병원,45,전라남도 담양군 담양읍 죽향대로 1203
담양군,아름다운 명문한방병원,요양병원,154,전라남도 담양군 대덕면 창평현로 1063
화순군,백아한방병원,요양병원,50,전라남도 화순군 화순읍 중앙로 75-0 ( 2~3층)
무안군,참자연한방병원,요양병원,66,전라남도 무안군 삼향읍 대죽서로 35-0
무안군,남악한방병원,요양병원,62,전라남도 무안군 삼향읍 대죽동로 43
목포시,미르치과병원,치과병원,0,"전라남도 목포시 백년대로 319 (상동, (상동))"
목포시,예닮치과병원,치과병원,0,전라남도 목포시 비파로 91 (상동)
여수시,그랜드치과병원,치과병원,0,전라남도 여수시 시청로 48 (학동)
여수시,의료법인 모아의료재단 모아치과병원,치과병원,0,전라남도 여수시 소호로 618 (학동)
무안군,목포스마트원치과병원,치과병원,0,"전라남도 무안군 삼향읍 남악4로 49-0, 0동 6         층 602호 (중앙프라자)"
무안군,신우치과병원,치과병원,0,전라남도 무안군 삼향읍 남악3로 50
함평군,국군함평치과병원,치과병원,0,전라남도 함평군 해보면 신해로 1027-0
순천시,순천은병원,정신병원,220,전라남도 순천시 낙안면 읍성로 302
나주시,다정한병원,정신병원,252,전라남도 나주시 산포면 매성길 61
나주시,밝은마음병원,정신병원,254,전라남도 나주시 남평읍 세남로 1566-3
나주시,의료법인세화의료재단 나주효사랑병원,정신병원,150,전라남도 나주시 금천면 영산로 5891-9 (나주효사랑병원)
나주시,국립나주병원,정신병원,195,전라남도 나주시 산포면 세남로 1328-31
담양군,의료법인경애의료재단 담양참사랑병원,정신병원,298,전라남도 담양군 대덕면 용산로 369
담양군,창평우리병원,정신병원,284,전라남도 담양군 대덕면 차동길 2-62
보성군,의료법인휴사랑의료재단 보성제일병원,정신병원,174,전라남도 보성군 보성읍 송재로 59-2
화순군,보은병원,정신병원,299,전라남도 화순군 도곡면 고인돌1로 282-14
해남군,의료법인연희의료재단해남혜민병원,정신병원,275,전라남도 해남군 옥천면 해남로 583-52
영광군,의료법인거명의료재단 영광기독신하병원,정신병원,445,전라남도 영광군 영광읍 천년로 1351-15
